Property_ID,Area_SqFt,Bedrooms,Bathrooms,Stories,Location_Neighborhood,House_Age_Years,Garage_Capacity,Has_Pool,Has_Central_AC,Distance_to_CityCenter_Miles,Overall_Condition_Score,Price
PROP-10001,1393,2,1.5,2,Green Hills,13,2,0,1,14.4,6,672336.32
PROP-10002,1761,3,2.2,1,Green Hills,14,1,0,1,7.0,9,776142.92
PROP-10003,3890,4,3.5,1,Green Hills,1,3,1,1,14.9,6,1326552.74
PROP-10004,1455,3,2.2,3,Riverside Park,4,2,0,1,11.5,5,685455.95
PROP-10005,2298,4,3.0,1,East Bay Outskirts,0,1,0,1,17.8,6,619336.69
PROP-10006,1381,3,2.2,3,Green Hills,22,1,0,1,13.3,8,710238.16
PROP-10007,2009,3,3.2,2,Riverside Park,6,0,0,1,8.8,8,820132.28
PROP-10008,1444,3,2.8,2,Metro Uptown,22,2,0,1,12.0,7,614341.84
PROP-10009,2764,3,2.2,2,Green Hills,3,0,0,1,12.6,8,988802.52
PROP-10010,3082,4,3.0,1,Metro Uptown,3,2,1,1,13.6,7,987229.08
PROP-10011,1881,2,2.5,1,Suburban West,10,2,0,1,10.8,4,596116.69
PROP-10012,2219,3,2.2,1,Green Hills,35,1,0,1,9.9,9,852802.53
PROP-10013,1604,3,2.8,2,Green Hills,1,2,0,1,20.8,7,757053.54
PROP-10014,2156,3,2.8,1,Riverside Park,17,1,1,1,10.3,5,800824.65
PROP-10015,1907,3,2.8,2,East Bay Outskirts,11,1,0,1,15.8,7,546400.1
PROP-10016,3033,4,4.0,2,Green Hills,15,0,0,1,7.3,7,1066904.27
PROP-10017,2268,4,3.5,1,Downtown Metro,18,1,0,1,5.2,8,962761.18
PROP-10018,1560,2,1.5,1,Riverside Park,54,1,1,1,13.4,7,623597.75
PROP-10019,1193,2,1.5,1,Suburban West,15,1,1,1,12.3,6,502278.01
PROP-10020,2065,4,4.0,2,Downtown Metro,5,1,1,1,16.9,7,926763.75
PROP-10021,2578,3,2.8,3,East Bay Outskirts,2,2,1,1,23.1,8,716403.65
PROP-10022,2765,4,4.0,3,Green Hills,10,2,1,1,8.9,8,1142900.61
PROP-10023,1366,2,2.0,1,Metro Uptown,9,2,0,1,3.5,6,613286.91
PROP-10024,3211,4,3.5,1,Downtown Metro,0,2,0,1,13.3,3,1172981.99
PROP-10025,1847,2,1.5,3,Riverside Park,27,2,0,1,2.5,6,698741.76
PROP-10026,2792,3,3.2,2,Suburban West,12,2,0,1,20.1,9,792431.27
PROP-10027,1988,2,1.5,2,Downtown Metro,2,2,0,1,23.7,6,805556.29
PROP-10028,2189,4,3.5,1,Green Hills,1,2,0,1,26.6,7,915586.87
PROP-10029,1731,3,3.2,1,Green Hills,48,3,0,0,25.2,7,695970.61
PROP-10030,2751,3,2.8,1,Downtown Metro,1,2,0,1,9.7,8,1086301.83
PROP-10031,2525,4,4.0,1,Green Hills,6,2,0,1,8.2,6,1031483.09
PROP-10032,1872,3,2.8,2,Riverside Park,5,3,0,0,14.1,7,776106.85
PROP-10033,3450,4,3.0,1,East Bay Outskirts,16,2,1,1,18.9,7,763280.4
PROP-10034,750,2,1.5,1,Downtown Metro,2,2,0,1,23.1,7,492227.25
PROP-10035,2530,3,2.2,3,Downtown Metro,7,1,1,1,17.7,6,998314.16
PROP-10036,764,2,1.5,2,Riverside Park,0,2,0,1,21.9,7,482100.92
PROP-10037,2485,3,2.2,2,Riverside Park,3,3,0,1,13.0,7,905102.03
PROP-10038,2472,3,2.8,2,Downtown Metro,9,2,0,1,12.8,10,996687.44
PROP-10039,2042,3,2.8,1,Green Hills,54,3,0,1,4.4,8,812048.12
PROP-10040,2654,3,3.2,2,Riverside Park,0,0,0,1,21.4,4,894035.19
PROP-10041,2337,3,2.2,1,East Bay Outskirts,0,2,1,1,14.2,7,638903.57
PROP-10042,1937,2,2.5,2,Riverside Park,3,2,0,1,2.9,7,773418.3
PROP-10043,2228,4,3.5,2,Suburban West,31,1,0,0,21.8,8,694979.89
PROP-10044,1855,2,1.5,2,Riverside Park,7,2,1,1,10.4,9,783425.09
PROP-10045,2817,4,3.0,3,Green Hills,10,1,0,1,14.5,3,1001209.36
PROP-10046,2066,3,2.2,1,Suburban West,2,2,0,1,12.0,7,694173.13
PROP-10047,1846,2,1.5,1,Riverside Park,2,0,0,1,9.6,6,649196.69
PROP-10048,2080,4,3.5,1,Suburban West,31,3,0,1,12.8,8,719655.17
PROP-10049,1777,3,2.8,1,Green Hills,9,2,0,1,5.1,8,829147.5
PROP-10050,1488,3,2.8,1,Suburban West,4,1,0,1,13.0,6,537785.94
PROP-10051,2298,4,3.5,2,Downtown Metro,1,2,0,1,18.0,5,962582.55
PROP-10052,3099,4,3.0,3,Green Hills,13,1,0,1,4.6,6,1094003.24
PROP-10053,1586,3,2.2,2,Green Hills,7,3,0,1,9.2,6,793188.61
PROP-10054,2509,4,3.5,1,Downtown Metro,22,1,0,1,13.7,4,953277.87
PROP-10055,1113,1,1.0,2,Downtown Metro,11,0,0,1,17.3,8,527218.38
PROP-10056,2902,4,3.0,1,Green Hills,6,3,1,1,17.1,7,1095612.33
PROP-10057,2481,4,3.0,2,East Bay Outskirts,3,1,0,1,22.0,7,671838.82
PROP-10058,1966,3,2.2,1,Green Hills,9,1,0,1,18.2,7,785949.79
PROP-10059,2756,4,3.0,3,Green Hills,14,1,0,1,13.1,8,1079295.24
PROP-10060,1818,2,1.5,2,Metro Uptown,0,2,0,1,14.9,8,666239.64
PROP-10061,3025,3,2.2,2,Downtown Metro,19,2,0,1,9.8,5,1053007.6
PROP-10062,2266,3,2.2,3,Green Hills,2,2,0,1,17.5,7,926326.87
PROP-10063,2297,3,2.8,2,Riverside Park,8,2,1,1,15.2,5,868207.69
PROP-10064,3876,4,3.0,1,East Bay Outskirts,24,0,0,1,15.6,8,765573.0
PROP-10065,3013,3,2.2,2,Green Hills,2,1,0,1,7.6,6,1064326.54
PROP-10066,1458,3,2.2,1,Suburban West,1,3,0,1,15.6,7,588579.25
PROP-10067,2071,3,2.2,2,Green Hills,12,0,0,1,13.4,2,792443.15
PROP-10068,1349,2,2.5,3,Suburban West,7,1,0,1,13.7,8,576624.21
PROP-10069,1670,3,2.2,1,Downtown Metro,24,1,0,1,8.1,6,719433.94
PROP-10070,2309,3,2.8,1,Riverside Park,5,3,0,0,14.0,7,824880.5
PROP-10071,1305,2,2.0,1,Suburban West,14,1,0,1,7.6,7,496852.31
PROP-10072,2810,4,3.0,1,Riverside Park,4,2,0,1,12.3,7,969742.37
PROP-10073,1273,2,1.5,3,East Bay Outskirts,1,2,0,1,13.1,8,470417.14
PROP-10074,3251,5,3.8,3,Green Hills,8,1,0,0,21.9,8,1130063.64
PROP-10075,1174,1,1.0,1,Downtown Metro,19,1,0,1,16.0,7,547276.39
PROP-10076,2563,3,2.2,2,Riverside Park,6,2,0,0,3.4,7,940662.61
PROP-10077,1090,2,2.0,2,Riverside Park,4,2,0,0,10.1,7,593884.79
PROP-10078,2873,4,3.5,2,Green Hills,17,2,0,1,13.2,7,1064309.13
PROP-10079,2706,3,2.8,1,Green Hills,38,3,1,1,13.3,7,1001154.64
PROP-10080,1194,1,1.0,2,Green Hills,6,2,0,1,15.5,9,627564.21
PROP-10081,2740,4,3.0,1,Green Hills,30,0,1,1,14.2,6,1005665.64
PROP-10082,2775,4,3.5,1,Suburban West,8,2,0,1,14.4,5,783409.66
PROP-10083,835,2,1.5,3,Green Hills,23,0,0,1,5.3,7,543086.03
PROP-10084,2943,3,2.2,1,Suburban West,3,1,0,1,22.2,9,774333.58
PROP-10085,2383,3,2.2,2,Riverside Park,13,2,0,1,10.2,6,838065.57
PROP-10086,2519,4,3.0,1,Metro Uptown,6,1,0,1,19.0,6,813143.33
PROP-10087,750,1,1.2,1,Metro Uptown,16,2,0,1,7.3,8,462731.48
PROP-10088,2425,4,3.5,2,Metro Uptown,14,2,0,1,16.8,6,829667.7
PROP-10089,1681,3,2.8,2,Green Hills,0,1,0,1,15.5,5,777527.58
PROP-10090,3166,3,2.8,2,Suburban West,49,1,0,1,13.8,6,770319.98
PROP-10091,1903,3,2.2,2,Green Hills,0,3,1,1,13.5,6,891528.66
PROP-10092,2060,4,3.5,1,Riverside Park,4,3,0,1,1.0,7,872854.81
PROP-10093,2912,3,3.2,1,Riverside Park,8,3,0,1,20.4,4,934838.02
PROP-10094,2760,3,2.2,1,East Bay Outskirts,15,1,1,1,11.3,7,665038.57
PROP-10095,2462,4,3.0,1,Riverside Park,38,2,1,1,16.1,6,910590.69
PROP-10096,1646,3,2.2,2,Green Hills,5,2,0,0,12.4,6,697604.65
PROP-10097,2845,4,3.5,1,Suburban West,9,0,0,1,5.9,7,784385.98
PROP-10098,2506,3,2.2,2,Suburban West,1,1,0,0,23.2,5,674885.79
PROP-10099,2822,3,2.2,1,Suburban West,15,2,0,1,16.2,7,749197.39
PROP-10100,2417,4,3.0,2,Riverside Park,1,3,0,1,16.6,10,934482.87
PROP-10101,1898,2,1.5,1,Suburban West,30,1,1,1,13.7,8,575918.6
PROP-10102,4166,5,3.8,3,Riverside Park,55,2,0,1,11.9,6,1170931.15
PROP-10103,2784,3,2.2,1,Metro Uptown,55,0,1,1,17.7,9,774634.55
PROP-10104,1039,1,1.8,1,Suburban West,14,2,0,1,9.1,7,455554.82
PROP-10105,2370,3,2.2,2,Downtown Metro,8,2,0,1,10.8,6,923007.26
PROP-10106,2698,3,2.8,1,East Bay Outskirts,52,2,0,0,5.0,7,552414.17
PROP-10107,1973,2,2.0,2,Green Hills,2,1,0,1,19.9,6,826438.46
PROP-10108,2396,4,3.0,1,Metro Uptown,4,0,0,1,20.3,8,782244.24
PROP-10109,1749,2,2.5,3,Green Hills,0,3,0,1,12.6,8,769352.38
PROP-10110,1557,2,1.5,2,Suburban West,3,2,1,0,14.9,6,617498.69
PROP-10111,2522,4,4.0,2,Metro Uptown,10,2,1,1,7.0,8,965174.67
PROP-10112,1409,3,2.2,2,Green Hills,55,0,1,1,22.3,7,628662.26
PROP-10113,2533,3,2.2,2,Suburban West,24,2,1,1,14.6,6,750122.68
PROP-10114,1280,3,2.2,1,Suburban West,4,1,0,0,2.6,9,569495.98
PROP-10115,750,2,2.0,2,Suburban West,0,1,0,1,8.4,8,505694.55
PROP-10116,2612,4,4.0,1,Suburban West,3,0,0,1,16.0,7,770892.95
PROP-10117,2021,3,2.2,1,Downtown Metro,5,1,1,1,15.8,8,846778.99
PROP-10118,1739,2,1.5,2,Riverside Park,3,2,0,1,3.0,4,711245.44
PROP-10119,3100,4,3.0,2,East Bay Outskirts,45,2,1,1,12.0,6,693766.18
PROP-10120,2931,4,3.0,1,Suburban West,22,1,1,1,10.7,6,834757.87
PROP-10121,3661,4,3.5,2,Suburban West,3,0,0,1,5.1,8,1021221.51
PROP-10122,3142,3,3.2,1,Green Hills,17,1,0,1,2.4,8,1127614.73
PROP-10123,1401,2,1.5,2,Green Hills,1,2,0,1,8.2,7,722357.64
PROP-10124,1352,3,3.2,2,Suburban West,12,2,0,0,5.1,8,588772.12
PROP-10125,1476,3,2.2,2,Downtown Metro,21,1,0,1,16.3,5,664569.01
PROP-10126,2199,4,3.5,2,East Bay Outskirts,1,2,0,1,17.2,8,664427.45
PROP-10127,1421,2,1.5,3,Downtown Metro,12,1,0,1,7.2,7,742245.99
PROP-10128,2320,4,3.0,3,Metro Uptown,1,2,0,1,12.5,7,854027.35
PROP-10129,1805,3,2.2,2,Riverside Park,6,3,0,1,11.1,7,789445.86
PROP-10130,1707,3,2.2,1,Suburban West,6,0,0,1,15.7,7,573633.24
PROP-10131,924,1,1.0,1,East Bay Outskirts,15,1,0,1,8.6,6,343745.98
PROP-10132,1766,2,1.5,1,Downtown Metro,17,0,0,1,10.0,7,738484.22
PROP-10133,2489,3,2.2,2,Green Hills,8,1,0,1,26.2,8,921851.41
PROP-10134,2129,3,2.2,1,Riverside Park,21,1,0,1,11.5,7,770749.41
PROP-10135,817,2,1.5,2,Downtown Metro,2,1,0,1,24.9,5,455501.65
PROP-10136,2343,4,3.5,1,Suburban West,17,2,0,1,13.7,10,750364.27
PROP-10137,2338,4,3.0,2,Riverside Park,2,2,0,1,17.3,6,881612.97
PROP-10138,1604,2,1.5,2,Downtown Metro,16,1,0,0,20.3,9,701716.97
PROP-10139,2562,3,2.2,1,Green Hills,14,2,0,1,20.4,6,934252.48
PROP-10140,3139,4,3.5,2,East Bay Outskirts,2,1,1,1,23.3,5,700250.16
PROP-10141,2544,3,2.2,1,Suburban West,32,2,0,1,13.4,6,694776.76
PROP-10142,2975,4,3.5,2,Riverside Park,2,2,1,1,11.7,7,1058255.15
PROP-10143,2170,4,3.5,2,Metro Uptown,13,2,0,1,3.5,8,836835.48
PROP-10144,1726,3,2.2,1,Suburban West,19,3,0,1,15.4,6,607178.72
PROP-10145,2639,3,2.2,2,Suburban West,12,0,0,0,21.2,5,683362.17
PROP-10146,1164,1,1.0,2,East Bay Outskirts,55,1,0,1,5.9,7,323107.0
PROP-10147,3293,4,3.5,1,Green Hills,23,0,0,1,8.0,6,1094040.13
PROP-10148,3415,5,4.2,2,Suburban West,4,2,0,0,23.8,6,922268.98
PROP-10149,2794,3,2.2,1,Riverside Park,5,2,0,1,16.6,9,953237.86
PROP-10150,2279,3,2.8,2,East Bay Outskirts,1,1,1,1,16.0,10,691071.36
PROP-10151,1190,1,1.0,2,Green Hills,4,2,0,1,5.5,6,587116.53
PROP-10152,1899,3,2.2,2,Metro Uptown,2,0,0,1,14.9,9,682983.88
PROP-10153,2391,3,2.8,2,Riverside Park,47,0,0,1,5.9,5,750223.63
PROP-10154,1578,3,2.2,2,Metro Uptown,1,2,0,0,7.0,3,646739.0
PROP-10155,2318,4,4.0,1,Green Hills,8,1,0,1,13.0,8,919885.63
PROP-10156,1243,3,2.8,1,Green Hills,1,1,0,1,27.0,7,672450.02
PROP-10157,1949,3,2.8,1,Suburban West,9,2,0,1,13.4,7,674096.57
PROP-10158,3353,5,3.8,2,Suburban West,24,2,0,1,6.3,6,915637.78
PROP-10159,2940,3,2.2,2,Downtown Metro,31,3,0,1,7.9,8,1087657.58
PROP-10160,1488,3,2.8,1,Suburban West,22,3,0,1,12.5,8,574280.83
PROP-10161,2957,3,3.2,2,Suburban West,2,2,1,1,15.7,6,864199.73
PROP-10162,2352,3,2.2,2,Green Hills,1,3,1,1,17.1,7,986402.18
PROP-10163,2931,3,3.2,1,East Bay Outskirts,2,0,0,1,21.1,8,659277.52
PROP-10164,1602,3,2.8,2,Downtown Metro,18,1,0,1,16.1,3,691187.92
PROP-10165,1811,2,2.0,2,Suburban West,1,1,0,1,18.5,9,599318.95
PROP-10166,1117,2,1.5,3,Riverside Park,15,1,0,1,20.0,6,536990.51
PROP-10167,1876,3,2.2,2,Downtown Metro,17,2,0,1,15.6,8,824620.8
PROP-10168,2642,4,3.0,3,Metro Uptown,16,2,0,1,16.5,8,877211.61
PROP-10169,2321,3,2.2,1,Suburban West,20,3,0,1,12.1,8,706329.97
PROP-10170,2754,3,3.2,1,Riverside Park,18,2,0,1,9.3,7,926500.04
PROP-10171,1057,1,1.2,1,Green Hills,34,2,0,1,17.2,7,516615.92
PROP-10172,2206,4,4.0,2,Riverside Park,0,2,0,1,9.7,8,923854.07
PROP-10173,2594,3,2.2,1,Metro Uptown,22,2,1,1,28.6,9,848928.12
PROP-10174,1460,3,2.2,1,Suburban West,10,2,1,1,17.2,7,626851.12
PROP-10175,2078,3,2.2,1,Suburban West,2,1,1,1,11.4,4,667571.68
PROP-10176,1541,3,2.2,1,Suburban West,3,0,0,1,8.5,7,585699.91
PROP-10177,2406,3,2.2,2,Suburban West,1,1,0,1,11.4,10,747195.46
PROP-10178,1878,2,1.5,1,East Bay Outskirts,35,2,0,1,8.6,6,454699.45
PROP-10179,2248,4,3.0,1,Green Hills,9,1,0,1,8.8,6,901060.74
PROP-10180,2498,4,3.5,1,Downtown Metro,13,0,0,1,11.5,8,990086.73
PROP-10181,2189,3,2.2,1,Riverside Park,5,2,0,0,8.0,7,785696.15
PROP-10182,2731,4,3.5,1,Green Hills,16,1,0,1,20.2,9,996168.98
PROP-10183,912,1,1.0,2,Metro Uptown,18,2,0,1,8.3,5,438971.74
PROP-10184,1494,2,2.0,2,Metro Uptown,6,0,0,1,9.9,8,628782.82
PROP-10185,3436,4,3.0,1,Green Hills,10,3,0,0,9.7,7,1169579.76
PROP-10186,923,2,1.5,3,Downtown Metro,5,3,0,1,10.4,7,621239.77
PROP-10187,2509,3,2.8,2,Green Hills,21,2,0,1,1.0,5,938081.35
PROP-10188,1292,3,2.8,1,Downtown Metro,13,1,0,1,7.3,3,639477.91
PROP-10189,2348,4,3.5,1,East Bay Outskirts,7,0,0,1,17.9,7,602099.25
PROP-10190,1904,3,2.2,2,Suburban West,43,1,0,1,14.2,9,583119.34
PROP-10191,1165,1,1.2,1,Suburban West,10,2,0,1,7.4,7,472202.19
PROP-10192,2431,4,3.0,1,Metro Uptown,28,2,1,1,21.5,8,760391.45
PROP-10193,3480,5,4.2,1,Suburban West,5,1,1,1,11.1,8,1018717.88
PROP-10194,2500,3,2.8,2,Green Hills,16,2,1,1,16.8,7,958938.76
PROP-10195,1034,1,1.0,1,Downtown Metro,24,3,0,1,2.7,4,548812.46
PROP-10196,3139,4,3.0,1,Downtown Metro,7,1,0,1,12.5,8,1148545.82
PROP-10197,1102,2,2.5,2,Green Hills,6,2,0,1,11.7,2,610824.69
PROP-10198,1708,3,2.2,2,Suburban West,25,2,0,1,13.6,7,575212.8
PROP-10199,903,1,1.2,1,Green Hills,20,1,0,1,12.3,6,497284.2
PROP-10200,1566,2,1.5,1,Metro Uptown,27,1,1,1,19.3,8,581347.82
PROP-10201,2105,3,2.8,2,Green Hills,0,1,0,1,24.4,7,851910.95
PROP-10202,2288,4,3.0,1,Green Hills,47,2,0,1,10.8,6,833314.33
PROP-10203,2989,4,3.0,2,Green Hills,9,3,0,1,10.6,4,1103013.57
PROP-10204,3016,3,2.8,1,Downtown Metro,18,1,1,1,17.4,6,1088978.56
PROP-10205,964,2,1.5,1,Downtown Metro,6,0,0,1,13.2,3,492717.39
PROP-10206,2097,3,3.2,2,Suburban West,16,1,0,1,12.6,7,670631.57
PROP-10207,1988,2,1.5,1,Downtown Metro,22,2,0,1,13.7,7,789299.53
PROP-10208,2605,3,2.2,1,Metro Uptown,1,1,0,1,16.6,6,836582.34
PROP-10209,2515,3,2.2,1,Downtown Metro,3,1,0,1,12.8,5,951713.11
PROP-10210,1267,3,2.2,1,Metro Uptown,37,1,0,1,22.0,6,491248.68
PROP-10211,1409,3,2.8,1,Downtown Metro,10,2,0,1,11.6,6,744542.67
PROP-10212,1766,2,1.5,1,Suburban West,0,2,1,1,12.0,6,636108.17
PROP-10213,2182,3,2.2,2,East Bay Outskirts,1,2,1,1,14.5,7,627831.25
PROP-10214,2092,4,3.0,2,Riverside Park,16,1,0,1,5.0,6,814024.41
PROP-10215,2570,3,2.8,1,Downtown Metro,5,2,0,0,11.3,6,985435.08
PROP-10216,1608,2,1.5,3,Suburban West,55,0,0,1,14.5,9,460920.68
PROP-10217,2218,3,2.8,1,Metro Uptown,12,1,0,1,16.0,7,715453.33
PROP-10218,2295,3,3.2,2,Green Hills,8,2,0,1,11.4,5,885703.1
PROP-10219,3109,3,2.2,1,Metro Uptown,13,1,0,1,10.1,3,864126.86
PROP-10220,1824,3,2.8,2,Metro Uptown,2,3,0,1,18.2,6,717886.5
PROP-10221,2619,3,3.2,1,Downtown Metro,5,1,0,0,1.0,8,1003136.53
PROP-10222,1978,2,1.5,2,Riverside Park,25,1,0,1,19.3,6,704792.14
PROP-10223,1743,3,2.8,1,Suburban West,22,2,1,0,13.9,8,597132.23
PROP-10224,2809,3,2.8,2,Green Hills,6,3,1,1,17.3,6,1109124.65
PROP-10225,2889,4,3.0,2,East Bay Outskirts,3,1,0,1,18.0,7,705156.6
PROP-10226,2580,3,2.2,1,Riverside Park,23,2,0,0,13.0,4,810495.36
PROP-10227,2281,4,3.0,2,Riverside Park,19,2,0,1,20.4,3,830202.36
PROP-10228,1390,3,2.8,2,Downtown Metro,4,2,0,1,6.4,6,746274.55
PROP-10229,1468,2,2.0,1,Suburban West,19,1,0,1,5.9,6,474488.12
PROP-10230,1856,2,2.5,2,Riverside Park,16,2,0,1,11.5,6,730946.17
PROP-10231,1805,3,2.2,2,Green Hills,2,3,0,1,2.5,8,885325.49
PROP-10232,1396,2,1.5,2,Suburban West,4,1,0,1,2.5,6,536650.06
PROP-10233,2093,3,2.8,2,Downtown Metro,15,1,0,1,13.6,8,850088.21
PROP-10234,1079,1,1.2,2,Riverside Park,43,0,0,1,18.1,8,450927.96
PROP-10235,3281,5,3.8,1,Green Hills,13,1,0,1,16.8,8,1138950.3
PROP-10236,1562,3,3.2,1,Green Hills,4,2,0,0,11.7,9,804371.99
PROP-10237,2699,3,2.2,2,Suburban West,20,0,0,1,6.7,5,694099.91
PROP-10238,3309,5,4.2,1,Downtown Metro,45,2,1,1,10.7,7,1247009.01
PROP-10239,3113,4,3.5,1,Green Hills,6,3,0,1,16.6,5,1080927.02
PROP-10240,2902,3,2.8,1,Metro Uptown,18,2,0,1,16.3,6,878910.93
PROP-10241,1680,3,3.2,1,Suburban West,21,1,0,1,12.5,6,568795.28
PROP-10242,2519,4,3.5,2,Downtown Metro,1,1,0,1,6.3,10,1095932.95
PROP-10243,2863,4,3.0,3,Green Hills,45,1,0,1,9.7,6,972409.06
PROP-10244,1197,2,2.0,2,Suburban West,29,2,0,1,12.6,7,457069.62
PROP-10245,1444,2,1.5,1,Downtown Metro,19,2,0,1,17.0,6,619122.89
PROP-10246,2221,4,3.0,1,Downtown Metro,7,1,0,1,3.3,8,998675.74
PROP-10247,3062,4,3.5,1,Suburban West,10,1,1,1,1.0,5,896105.12
PROP-10248,1921,2,2.0,1,Suburban West,7,3,0,1,7.8,6,638045.5
PROP-10249,2118,4,3.5,2,Riverside Park,4,0,0,1,7.9,7,842091.5
PROP-10250,750,2,1.5,1,Metro Uptown,28,3,0,0,11.4,9,437659.36
PROP-10251,1962,3,3.2,1,Metro Uptown,15,0,0,1,18.1,4,659023.65
PROP-10252,1297,2,1.5,2,Green Hills,19,2,0,0,3.7,8,630850.92
PROP-10253,2332,3,2.8,2,Suburban West,22,2,1,1,21.6,7,707056.07
PROP-10254,1659,2,2.5,2,Suburban West,35,2,0,1,15.7,7,567358.83
PROP-10255,2087,4,3.0,1,Suburban West,5,1,0,1,5.2,7,724080.1
PROP-10256,2301,3,2.8,2,Green Hills,23,1,0,1,9.6,7,895511.53
PROP-10257,1594,3,2.2,2,Green Hills,4,2,1,1,8.8,6,815384.58
PROP-10258,1504,3,2.2,1,Downtown Metro,0,3,0,1,21.1,7,740544.14
PROP-10259,2606,4,3.5,2,Green Hills,4,2,0,0,10.7,8,1037594.31
PROP-10260,2083,3,2.2,1,Metro Uptown,22,2,0,1,9.5,8,752776.53
PROP-10261,2878,4,4.0,2,Riverside Park,13,3,0,1,24.6,5,1017352.09
PROP-10262,2628,4,3.0,2,Green Hills,3,3,1,1,13.5,8,1104205.09
PROP-10263,2105,4,3.5,1,Suburban West,42,1,0,1,8.6,8,688592.47
PROP-10264,2424,4,3.0,2,Green Hills,9,2,1,1,6.4,9,1055397.47
PROP-10265,1483,3,2.2,2,Metro Uptown,4,3,0,1,30.9,6,609341.57
PROP-10266,1600,3,3.2,2,Downtown Metro,16,1,1,1,11.6,8,789685.05
PROP-10267,2346,3,2.8,1,Green Hills,6,0,1,1,12.9,6,895155.28
PROP-10268,1701,3,2.2,1,Downtown Metro,2,1,1,1,8.3,7,828027.71
PROP-10269,1733,2,1.5,1,Green Hills,4,1,0,0,18.8,8,695206.69
PROP-10270,2749,3,2.2,2,Downtown Metro,5,2,1,1,10.2,7,1150616.74
PROP-10271,1180,1,1.0,2,Downtown Metro,5,2,0,1,17.2,9,606542.66
PROP-10272,2918,4,3.0,2,Suburban West,27,3,1,1,16.6,7,833895.82
PROP-10273,750,2,1.5,2,Riverside Park,7,1,0,1,3.7,6,491463.56
PROP-10274,2328,4,3.0,2,East Bay Outskirts,3,2,0,1,5.0,7,639049.34
PROP-10275,1532,2,2.0,1,Green Hills,39,3,0,1,8.2,9,694039.68
PROP-10276,2228,4,3.5,1,Green Hills,16,1,0,1,7.4,5,870693.02
PROP-10277,2351,4,3.5,1,Downtown Metro,9,1,0,1,14.8,5,927138.85
PROP-10278,2102,3,2.8,1,Green Hills,10,2,0,1,17.8,6,874503.43
PROP-10279,1742,3,2.8,3,Metro Uptown,10,2,0,0,5.8,3,708943.33
PROP-10280,1093,1,1.2,1,Metro Uptown,14,1,0,1,10.7,6,487057.28
PROP-10281,2371,3,2.8,2,Riverside Park,39,1,0,0,9.8,7,819144.18
PROP-10282,1672,2,2.5,2,Riverside Park,40,1,0,1,5.3,8,650858.13
PROP-10283,2375,3,2.2,3,East Bay Outskirts,0,2,0,1,15.7,6,611959.93
PROP-10284,1592,3,3.2,1,Suburban West,6,3,0,0,5.0,7,609370.79
PROP-10285,2112,3,2.2,2,Downtown Metro,16,2,0,1,15.4,5,892341.99
PROP-10286,1966,3,2.2,1,Suburban West,3,1,0,1,16.1,7,614442.27
PROP-10287,2107,3,2.8,1,Suburban West,2,0,0,1,1.4,9,676821.05
PROP-10288,3448,6,4.5,1,Riverside Park,0,2,1,1,17.4,5,1239636.89
PROP-10289,2251,4,3.0,2,Downtown Metro,11,0,0,1,8.4,7,922694.3
PROP-10290,2105,3,2.2,1,Metro Uptown,17,2,0,1,15.2,7,680669.31
PROP-10291,2442,3,2.2,1,Green Hills,24,1,0,0,15.1,4,769992.58
PROP-10292,1772,3,2.8,1,Metro Uptown,9,1,1,1,4.7,7,733852.81
PROP-10293,2131,3,2.2,2,Suburban West,53,2,0,0,9.4,5,580584.55
PROP-10294,2272,3,2.2,2,Suburban West,7,2,1,1,15.4,5,707782.3
PROP-10295,1422,3,2.8,1,Downtown Metro,7,1,0,1,1.8,7,721324.69
PROP-10296,2254,3,2.8,2,Downtown Metro,47,1,1,1,18.6,7,894929.9
PROP-10297,3145,3,2.8,1,Suburban West,19,2,0,1,9.1,9,858617.92
PROP-10298,2647,3,2.8,2,Suburban West,10,1,0,1,11.2,7,770811.42
PROP-10299,3039,4,4.0,1,Riverside Park,22,1,1,0,5.4,9,1071978.43
PROP-10300,2451,3,2.2,2,Riverside Park,8,1,0,1,5.6,7,872757.42
PROP-10301,1578,2,2.0,2,Downtown Metro,2,1,0,1,11.2,7,724903.35
PROP-10302,1746,2,2.0,1,East Bay Outskirts,0,2,0,1,11.9,7,504473.45
PROP-10303,2384,3,2.2,2,Suburban West,4,3,0,1,12.1,7,738757.95
PROP-10304,1748,2,2.0,3,Metro Uptown,1,2,0,1,16.4,2,624663.91
PROP-10305,2607,3,2.8,2,Green Hills,21,1,0,1,1.0,5,914279.77
PROP-10306,3216,4,3.5,1,Riverside Park,32,3,0,1,7.3,4,1012729.15
PROP-10307,2501,4,3.0,1,Riverside Park,20,1,0,1,18.3,8,903186.64
PROP-10308,1959,3,2.2,1,Metro Uptown,6,2,1,1,1.5,7,784079.79
PROP-10309,3149,3,2.8,1,Metro Uptown,33,3,0,1,14.3,5,913374.22
PROP-10310,1841,3,2.8,2,Metro Uptown,17,2,0,1,17.9,6,695022.55
PROP-10311,2570,4,3.0,1,Riverside Park,2,2,1,0,4.6,5,980721.62
PROP-10312,2007,3,2.2,1,Suburban West,4,0,0,1,15.7,5,600448.56
PROP-10313,2298,3,3.2,2,Green Hills,12,2,0,0,13.0,4,905272.03
PROP-10314,1424,3,2.2,2,Metro Uptown,17,3,1,1,10.8,7,674567.97
PROP-10315,2593,4,3.5,1,Green Hills,19,1,0,1,5.7,5,957323.83
PROP-10316,1633,3,2.8,2,Downtown Metro,1,0,0,1,14.2,9,778684.52
PROP-10317,2563,3,2.8,1,East Bay Outskirts,14,1,0,0,29.1,6,538433.14
PROP-10318,2128,3,3.2,3,Downtown Metro,13,2,0,1,14.1,9,914748.85
PROP-10319,1611,3,2.2,2,Riverside Park,17,2,0,1,10.1,10,723668.1
PROP-10320,1837,3,2.8,1,Suburban West,2,3,0,1,2.1,8,751740.9
PROP-10321,2952,3,2.8,2,Downtown Metro,0,2,0,1,26.2,8,1064033.94
PROP-10322,2384,4,3.0,2,Metro Uptown,9,1,0,1,20.2,8,799991.01
PROP-10323,1895,3,2.8,1,Downtown Metro,16,1,0,1,11.6,8,815566.1
PROP-10324,2298,4,3.0,1,Green Hills,6,2,0,1,6.6,5,893538.42
PROP-10325,2004,3,2.8,1,Downtown Metro,15,0,1,1,18.3,7,844533.43
PROP-10326,3812,5,3.8,1,Downtown Metro,2,1,0,1,9.2,10,1410232.07
PROP-10327,894,2,2.0,1,Metro Uptown,12,3,0,1,18.0,7,493855.36
PROP-10328,1635,3,2.8,2,Suburban West,26,0,0,1,13.5,7,561234.73
PROP-10329,2530,3,2.2,2,Green Hills,13,3,0,1,7.6,6,959562.33
PROP-10330,1290,2,2.0,3,Suburban West,7,1,0,0,21.7,7,495310.53
PROP-10331,2926,4,3.5,2,Suburban West,23,2,0,1,9.1,10,888748.82
PROP-10332,2899,3,2.2,2,Green Hills,21,2,0,1,24.1,7,967710.74
PROP-10333,1798,2,1.5,1,Downtown Metro,10,2,0,1,9.2,7,746503.6
PROP-10334,2236,4,4.0,2,Downtown Metro,48,0,0,0,8.1,7,841712.04
PROP-10335,1818,2,1.5,1,Suburban West,1,2,0,1,17.4,8,550625.77
PROP-10336,1392,3,2.2,1,Downtown Metro,6,1,0,1,23.1,9,697788.4
PROP-10337,1202,2,1.5,2,Green Hills,16,2,0,1,9.1,6,619153.19
PROP-10338,2491,4,3.0,1,Green Hills,7,3,0,1,10.4,9,995390.98
PROP-10339,2966,4,4.0,1,Suburban West,17,1,0,1,14.2,8,782918.04
PROP-10340,2420,3,2.2,1,East Bay Outskirts,44,3,1,1,7.5,6,575974.64
PROP-10341,750,1,1.2,2,Riverside Park,2,2,0,1,9.4,8,487197.15
PROP-10342,2969,4,3.0,2,Downtown Metro,12,2,0,1,8.8,5,1117111.84
PROP-10343,3380,5,3.8,1,Green Hills,10,1,0,0,3.7,8,1188567.72
PROP-10344,1543,3,2.8,1,Downtown Metro,11,3,0,0,12.1,7,780385.0
PROP-10345,3002,3,2.8,3,Metro Uptown,12,1,0,1,14.9,5,863522.83
PROP-10346,1091,2,1.5,1,Suburban West,2,2,0,1,23.7,9,464902.95
PROP-10347,3059,4,4.0,1,Downtown Metro,2,3,0,1,19.6,9,1222961.7
PROP-10348,2591,3,2.2,2,East Bay Outskirts,4,1,0,1,10.3,10,652885.02
PROP-10349,2688,3,2.2,1,Green Hills,55,2,1,1,17.2,8,950852.03
PROP-10350,2085,3,2.8,2,Riverside Park,12,1,0,1,15.0,10,787621.36
PROP-10351,1809,2,1.5,2,Riverside Park,35,1,0,1,4.0,6,665846.34
PROP-10352,1124,1,1.0,1,East Bay Outskirts,4,1,1,1,5.6,8,407215.24
PROP-10353,1765,3,3.2,2,Metro Uptown,6,2,0,1,15.0,6,683582.3
PROP-10354,2062,4,3.5,2,Metro Uptown,43,1,1,1,14.5,8,773000.94
PROP-10355,2526,3,2.2,2,Riverside Park,9,2,0,1,10.3,7,916402.73
PROP-10356,2211,4,3.0,2,Green Hills,26,2,0,1,23.3,9,911912.1
PROP-10357,2395,3,2.2,2,Green Hills,0,3,0,1,16.1,5,915917.74
PROP-10358,2827,3,2.2,1,East Bay Outskirts,11,3,0,1,8.1,7,631422.9
PROP-10359,2160,3,2.2,3,Suburban West,4,0,0,1,18.8,4,590139.74
PROP-10360,2496,4,3.0,2,Riverside Park,4,2,0,1,9.6,8,936314.74
PROP-10361,1191,1,1.8,2,Green Hills,20,1,0,0,10.0,7,583007.32
PROP-10362,2173,3,2.2,2,Suburban West,19,0,0,1,6.2,9,655129.06
PROP-10363,3445,5,4.8,2,Green Hills,0,2,0,1,8.9,7,1266325.98
PROP-10364,2318,4,4.0,1,Riverside Park,18,1,0,1,2.7,8,876705.74
PROP-10365,1426,2,1.5,1,Green Hills,12,1,0,1,7.8,3,624606.47
PROP-10366,1431,2,1.5,2,Downtown Metro,1,2,0,0,6.1,7,731542.12
PROP-10367,2012,4,3.0,2,Downtown Metro,22,3,1,1,13.8,6,931386.05
PROP-10368,1570,2,2.0,1,Green Hills,17,1,0,1,3.7,8,729847.57
PROP-10369,2261,3,2.2,1,Suburban West,0,1,1,1,5.3,6,729677.96
PROP-10370,2528,3,2.8,1,Downtown Metro,55,1,0,1,11.7,5,891156.33
PROP-10371,2339,4,3.0,1,Downtown Metro,5,2,0,1,17.7,9,989024.89
PROP-10372,1960,2,1.5,2,Green Hills,13,2,0,1,10.5,6,756520.66
PROP-10373,1926,3,2.2,2,Metro Uptown,5,0,0,1,17.3,6,657871.41
PROP-10374,1785,3,2.2,2,Downtown Metro,1,1,1,1,10.9,7,881949.58
PROP-10375,3200,4,3.0,3,Metro Uptown,5,1,0,1,27.0,8,961196.1
PROP-10376,1986,2,2.0,3,Downtown Metro,8,1,1,1,2.5,3,852373.27
PROP-10377,3179,4,3.0,1,Metro Uptown,28,1,1,1,14.9,9,978872.08
PROP-10378,1923,2,1.5,2,Metro Uptown,8,2,0,1,19.1,8,657711.06
PROP-10379,1705,3,2.2,1,Suburban West,51,2,1,1,6.9,8,590962.87
PROP-10380,1460,3,2.2,1,Suburban West,0,0,1,1,17.6,8,584854.64
PROP-10381,2472,4,3.5,2,Suburban West,55,2,0,1,8.2,6,694733.49
PROP-10382,1030,1,1.8,1,Metro Uptown,30,0,0,1,21.5,6,364661.32
PROP-10383,2363,4,3.0,1,Downtown Metro,0,1,0,1,23.5,6,978509.7
PROP-10384,2376,3,2.2,1,East Bay Outskirts,19,1,0,1,13.5,10,609524.18
PROP-10385,3141,4,3.5,3,Downtown Metro,21,2,0,1,3.5,9,1250083.52
PROP-10386,750,1,1.0,2,Suburban West,3,0,0,1,14.6,4,327562.2
PROP-10387,2524,4,3.5,1,Suburban West,20,0,0,1,11.3,9,753414.25
PROP-10388,3775,4,3.0,1,Suburban West,1,0,1,1,14.8,7,947367.61
PROP-10389,2230,3,2.2,1,Riverside Park,26,0,0,1,8.5,6,763365.7
PROP-10390,2108,4,3.5,1,Suburban West,5,0,0,0,9.2,9,710936.83
PROP-10391,1654,3,2.8,1,Green Hills,5,3,0,1,25.4,7,786259.32
PROP-10392,1626,3,2.8,2,Suburban West,1,0,1,1,5.1,6,640477.53
PROP-10393,2234,3,2.8,2,Riverside Park,7,3,0,1,16.8,5,845327.46
PROP-10394,2669,3,2.2,2,Green Hills,9,1,0,0,19.3,6,880315.95
PROP-10395,1952,3,2.2,2,Downtown Metro,0,0,0,1,10.3,8,841375.63
PROP-10396,2027,4,3.5,3,Green Hills,16,1,1,1,13.5,9,907866.98
PROP-10397,2591,3,2.2,1,Riverside Park,5,3,0,1,17.4,7,905863.72
PROP-10398,2867,3,3.2,1,Metro Uptown,5,2,0,1,11.4,9,912831.14
PROP-10399,2051,3,2.2,1,Green Hills,7,0,0,1,10.6,7,785038.57
PROP-10400,3304,4,3.5,1,Riverside Park,17,2,0,1,8.4,7,1076685.07
PROP-10401,2324,4,3.5,2,Suburban West,9,2,0,1,15.4,6,753467.66
PROP-10402,1629,3,2.2,2,Metro Uptown,3,2,0,0,12.3,7,666066.19
PROP-10403,2929,3,2.2,1,Green Hills,5,2,0,1,11.9,6,1003202.58
PROP-10404,1246,3,2.2,2,East Bay Outskirts,55,0,0,1,12.1,5,315042.03
PROP-10405,2083,4,3.0,1,Downtown Metro,22,0,0,1,5.9,9,824759.37
PROP-10406,2757,4,3.0,2,Suburban West,39,3,0,1,11.0,7,769585.42
PROP-10407,1690,3,2.2,2,Green Hills,1,1,0,1,3.1,5,749456.81
PROP-10408,2041,4,4.0,1,Downtown Metro,24,3,0,1,15.1,7,922303.4
PROP-10409,1919,3,2.8,3,Downtown Metro,5,2,0,1,2.6,7,923217.28
PROP-10410,2316,4,3.5,3,Suburban West,14,1,0,1,3.4,4,714531.89
PROP-10411,2092,4,3.5,1,Suburban West,24,1,0,1,21.6,7,697916.91
PROP-10412,2198,4,3.0,2,Suburban West,30,2,0,1,15.3,7,670489.07
PROP-10413,1890,3,3.2,1,Green Hills,6,3,1,1,15.8,7,842138.3
PROP-10414,2788,3,2.2,1,Riverside Park,6,1,0,1,7.1,6,891175.07
PROP-10415,1251,3,3.2,1,East Bay Outskirts,17,2,0,0,1.0,6,464265.15
PROP-10416,1589,3,2.2,2,Suburban West,9,1,0,1,16.6,9,551072.31
PROP-10417,1890,2,1.5,1,Suburban West,18,1,0,1,8.4,6,579823.02
PROP-10418,1376,3,2.8,2,Downtown Metro,27,1,0,1,7.1,7,681865.84
PROP-10419,979,2,2.0,1,Downtown Metro,25,1,0,1,7.0,8,531428.77
PROP-10420,2437,3,2.2,1,Suburban West,12,3,0,1,21.8,6,706060.89
PROP-10421,813,1,1.2,1,Green Hills,4,2,0,1,12.0,7,545779.2
PROP-10422,2591,4,3.0,2,Downtown Metro,26,2,0,1,16.0,6,997452.95
PROP-10423,2065,3,2.8,1,Suburban West,17,2,0,1,7.7,3,683035.53
PROP-10424,2754,4,3.5,1,Downtown Metro,1,0,0,1,14.7,6,1009451.23
PROP-10425,2913,4,3.0,2,East Bay Outskirts,4,2,0,1,14.7,5,678037.6
PROP-10426,2669,4,4.0,1,East Bay Outskirts,25,2,0,1,15.6,6,670031.41
PROP-10427,2885,4,3.0,1,Downtown Metro,8,2,1,1,9.8,7,1102249.64
PROP-10428,2103,3,2.2,2,Downtown Metro,16,2,0,1,13.9,7,853464.87
PROP-10429,2830,4,3.0,2,Downtown Metro,1,2,1,1,14.1,9,1157034.02
PROP-10430,2361,3,2.2,3,Metro Uptown,25,2,0,1,3.0,4,756180.18
PROP-10431,2286,4,3.0,1,Suburban West,3,0,0,1,10.6,9,731342.02
PROP-10432,2894,3,2.2,2,Green Hills,14,2,0,1,2.2,6,1010158.85
PROP-10433,2410,4,4.0,2,Downtown Metro,3,0,1,1,7.7,9,1069982.85
PROP-10434,2583,3,2.8,1,Riverside Park,47,0,0,1,15.2,5,785569.56
PROP-10435,2737,3,2.2,2,Green Hills,10,3,0,1,12.4,6,996199.95
PROP-10436,3147,3,2.2,1,Riverside Park,55,1,0,1,15.7,4,874760.98
PROP-10437,2488,3,2.8,3,Metro Uptown,2,3,0,1,10.7,5,882471.91
PROP-10438,1760,2,1.5,1,Green Hills,23,1,0,1,10.8,6,721025.33
PROP-10439,3491,5,4.2,1,Riverside Park,0,2,1,1,15.0,8,1181218.58
PROP-10440,1408,3,2.2,2,Riverside Park,36,1,0,1,17.3,4,553251.31
PROP-10441,2239,4,3.0,1,Riverside Park,4,3,0,1,11.8,8,870289.55
PROP-10442,3135,3,2.8,1,Downtown Metro,15,1,0,1,3.9,8,1122215.91
PROP-10443,1683,3,3.2,3,East Bay Outskirts,10,2,0,1,7.4,6,546228.0
PROP-10444,1844,2,1.5,3,Green Hills,14,1,0,1,19.5,6,753035.57
PROP-10445,2643,3,2.8,1,Downtown Metro,18,2,0,1,13.3,6,997877.3
PROP-10446,2247,3,2.8,1,Green Hills,23,2,1,1,12.6,9,956757.26
PROP-10447,1651,3,2.2,2,Suburban West,2,3,1,1,8.5,9,689687.77
PROP-10448,1353,3,2.2,1,Downtown Metro,18,2,0,1,26.1,7,677653.42
PROP-10449,2585,4,3.0,1,Green Hills,30,2,0,1,4.6,8,954382.94
PROP-10450,2145,3,2.8,3,Green Hills,24,2,0,1,13.6,4,845369.89
PROP-10451,2341,3,3.2,2,Suburban West,14,2,0,1,11.5,7,716809.84
PROP-10452,1679,2,1.5,3,Suburban West,18,1,0,0,16.6,8,502030.63
PROP-10453,1294,3,2.8,2,Downtown Metro,14,3,0,1,16.9,9,710091.11
PROP-10454,1691,2,1.5,1,Riverside Park,0,3,1,1,8.0,8,777236.75
PROP-10455,2444,4,3.0,2,Downtown Metro,5,1,0,1,9.4,8,1005299.49
PROP-10456,2087,4,4.0,1,Suburban West,41,2,1,1,21.8,7,697663.4
PROP-10457,2235,4,3.5,1,Green Hills,48,0,0,0,5.4,8,836729.58
PROP-10458,767,1,1.0,2,Riverside Park,10,2,0,1,25.2,5,440539.96
PROP-10459,1412,3,2.8,1,Metro Uptown,14,1,1,1,14.6,7,638265.0
PROP-10460,1773,3,2.8,1,Suburban West,8,2,1,0,14.8,6,630168.52
PROP-10461,2416,3,2.8,1,Metro Uptown,23,1,0,1,8.5,8,787382.45
PROP-10462,2327,3,2.2,1,Downtown Metro,18,2,0,1,18.6,8,909086.39
PROP-10463,2883,3,2.2,2,Suburban West,28,2,0,1,10.5,10,795056.57
PROP-10464,2104,3,2.2,1,Green Hills,44,1,0,1,21.2,7,712513.82
PROP-10465,1639,3,2.2,1,Suburban West,4,2,0,1,1.0,9,633512.44
PROP-10466,1205,3,2.2,2,Green Hills,3,3,0,1,14.3,8,702790.84
PROP-10467,2130,3,2.2,3,Downtown Metro,55,1,1,1,4.5,8,850736.29
PROP-10468,1892,2,1.5,3,Riverside Park,24,2,0,1,13.4,6,686167.16
PROP-10469,2318,3,2.2,1,Green Hills,7,3,0,1,22.1,3,852761.73
PROP-10470,2351,3,2.8,2,Downtown Metro,14,3,0,1,14.9,8,995933.89
PROP-10471,1962,2,1.5,1,Downtown Metro,4,2,0,1,14.1,7,799273.11
PROP-10472,2180,3,2.8,1,Downtown Metro,3,1,0,1,20.0,6,894242.17
PROP-10473,2452,4,3.5,3,Downtown Metro,17,1,0,1,7.7,5,1027899.45
PROP-10474,1678,3,2.2,1,East Bay Outskirts,7,0,0,1,14.0,4,413948.96
PROP-10475,1856,2,1.5,1,Riverside Park,24,2,0,1,14.8,7,659142.23
PROP-10476,3055,4,3.5,1,Downtown Metro,7,2,0,1,1.3,9,1204005.35
PROP-10477,1376,3,2.8,1,Riverside Park,9,1,0,0,14.7,8,583622.42
PROP-10478,2809,3,2.2,2,Suburban West,2,3,1,1,15.3,8,831978.44
PROP-10479,3649,5,3.8,1,Green Hills,27,1,1,1,19.7,8,1253430.52
PROP-10480,2869,3,3.2,2,Green Hills,2,1,1,1,13.7,6,1062164.35
PROP-10481,2852,3,2.2,2,Riverside Park,7,2,0,1,8.4,9,979958.14
PROP-10482,3539,4,3.0,3,Green Hills,19,2,0,0,14.2,7,1231726.41
PROP-10483,1695,2,2.5,1,Suburban West,9,0,0,1,11.2,8,631194.02
PROP-10484,1669,2,1.5,1,Green Hills,4,2,0,1,15.6,6,715456.35
PROP-10485,2188,4,3.0,2,Green Hills,0,2,1,1,14.2,3,978667.91
PROP-10486,1827,3,2.2,2,East Bay Outskirts,9,2,0,1,13.6,9,549359.2
PROP-10487,2495,4,3.0,1,Riverside Park,20,2,1,1,11.4,8,987120.96
PROP-10488,1975,3,2.8,2,Downtown Metro,4,2,0,1,2.8,8,932003.77
PROP-10489,2140,3,2.2,2,East Bay Outskirts,17,3,0,1,1.7,5,563536.34
PROP-10490,2789,3,2.2,1,Suburban West,7,3,0,1,10.2,7,810412.04
PROP-10491,1852,2,2.5,2,Downtown Metro,4,2,0,1,2.7,7,868257.5
PROP-10492,3334,4,3.0,2,Riverside Park,4,0,0,0,24.8,8,1066112.81
PROP-10493,1649,3,2.8,3,East Bay Outskirts,8,1,1,1,12.3,4,570300.25
PROP-10494,1282,3,3.2,1,Downtown Metro,25,0,0,0,7.5,8,651767.07
PROP-10495,2172,3,2.8,1,Suburban West,13,2,0,0,17.3,7,628816.73
PROP-10496,1311,3,2.8,1,East Bay Outskirts,7,1,1,1,1.1,6,506628.06
PROP-10497,1707,2,1.5,1,Green Hills,1,2,0,1,16.2,7,757244.47
PROP-10498,2503,4,3.5,1,Downtown Metro,27,2,1,1,15.1,6,999451.14
PROP-10499,1861,3,2.8,3,Riverside Park,39,0,0,1,18.8,8,694547.71
PROP-10500,1318,3,3.2,1,Suburban West,10,0,0,1,15.0,6,485316.07
PROP-10501,3884,4,3.5,2,Green Hills,6,0,0,1,16.4,5,1202342.62
PROP-10502,1368,2,2.0,2,Green Hills,7,2,0,0,14.0,7,661610.95
PROP-10503,1614,3,3.2,3,East Bay Outskirts,20,0,0,1,4.1,6,494691.56
PROP-10504,1994,2,1.5,2,Green Hills,20,1,0,1,21.1,7,766276.5
PROP-10505,987,2,2.0,1,Suburban West,2,2,1,1,19.9,7,509434.33
PROP-10506,1575,2,2.0,2,Green Hills,1,1,0,1,16.4,6,715668.41
PROP-10507,2511,4,3.0,1,Metro Uptown,16,2,0,1,23.5,7,826812.27
PROP-10508,3225,5,3.8,2,Downtown Metro,4,1,1,1,10.6,8,1279105.57
PROP-10509,1877,2,1.5,1,Downtown Metro,4,1,0,1,17.4,4,782596.99
PROP-10510,2463,4,3.0,2,Green Hills,2,1,0,1,14.2,5,963621.0
PROP-10511,3587,4,4.0,1,Suburban West,17,0,0,1,14.8,5,892547.21
PROP-10512,2610,4,3.5,2,Riverside Park,16,1,1,1,6.0,9,998397.14
PROP-10513,1888,3,3.2,2,Green Hills,16,3,0,1,1.3,8,895698.53
PROP-10514,1591,3,2.2,1,Metro Uptown,22,0,1,1,11.5,5,608226.47
PROP-10515,2027,3,3.2,1,Green Hills,2,2,1,0,20.7,8,889256.67
PROP-10516,1055,1,1.0,1,Suburban West,0,2,1,1,8.3,5,468084.84
PROP-10517,2770,4,4.0,1,Downtown Metro,31,1,0,1,8.5,5,1041361.92
PROP-10518,2829,3,3.2,1,Suburban West,6,2,0,1,7.1,8,840180.03
PROP-10519,2427,4,3.5,1,East Bay Outskirts,7,1,0,1,14.6,7,631350.23
PROP-10520,1680,2,1.5,2,Downtown Metro,8,2,0,1,12.8,5,709577.08
PROP-10521,2074,3,2.2,3,Riverside Park,29,2,0,1,21.2,8,752483.13
PROP-10522,2598,3,3.2,1,Green Hills,10,3,1,1,6.1,9,1033184.36
PROP-10523,1908,3,2.8,1,Downtown Metro,3,3,1,1,4.7,4,918999.4
PROP-10524,1722,3,3.2,1,Metro Uptown,11,1,0,1,13.7,8,673974.06
PROP-10525,2291,3,3.2,1,Suburban West,3,1,0,1,8.2,6,726051.1
PROP-10526,2614,4,3.0,1,Green Hills,2,2,0,1,12.2,6,1014229.63
PROP-10527,1159,1,1.0,2,Suburban West,4,0,0,1,10.0,7,463387.72
PROP-10528,1675,2,1.5,3,Suburban West,14,1,1,0,6.8,7,563987.25
PROP-10529,2080,4,3.5,2,Suburban West,5,0,0,1,9.6,7,712442.3
PROP-10530,2141,3,2.8,2,Green Hills,16,0,0,1,22.0,6,795005.65
PROP-10531,750,1,1.2,1,Metro Uptown,11,2,0,1,4.8,3,425983.32
PROP-10532,1215,2,2.0,1,East Bay Outskirts,16,2,0,1,18.3,6,372953.15
PROP-10533,3225,5,4.2,1,Suburban West,3,2,1,1,10.1,6,993149.18
PROP-10534,1320,2,2.5,1,Suburban West,4,0,1,1,11.9,8,553112.94
PROP-10535,1864,2,2.0,2,Green Hills,6,1,0,0,13.2,6,736446.09
PROP-10536,1727,2,2.0,2,Green Hills,4,0,0,1,17.7,9,741260.92
PROP-10537,2463,3,2.2,3,East Bay Outskirts,7,1,0,1,20.3,9,649518.3
PROP-10538,1803,3,2.8,2,Suburban West,22,1,0,1,16.9,6,599750.9
PROP-10539,2867,3,3.2,2,Riverside Park,10,0,1,1,12.3,7,987986.62
PROP-10540,1846,3,2.2,2,Riverside Park,2,1,0,1,14.5,6,735324.35
PROP-10541,2351,4,3.5,2,Suburban West,6,2,0,1,4.9,9,839867.13
PROP-10542,2302,3,2.2,2,Green Hills,27,0,0,1,15.5,7,840167.87
PROP-10543,2480,3,2.8,3,Green Hills,7,1,0,1,10.5,8,1004713.26
PROP-10544,2214,4,3.0,2,Metro Uptown,1,1,0,1,6.2,6,762583.22
PROP-10545,2115,4,4.0,2,Riverside Park,16,1,1,1,5.0,6,899551.14
PROP-10546,2798,3,2.2,2,East Bay Outskirts,22,0,1,1,17.5,8,623429.98
PROP-10547,837,1,1.2,1,Suburban West,14,2,0,0,10.1,6,402221.28
PROP-10548,2077,4,3.0,2,Green Hills,1,2,1,1,2.8,7,935331.97
PROP-10549,3092,4,3.0,3,Green Hills,13,1,0,1,9.8,6,1153945.27
PROP-10550,2456,3,2.2,2,Suburban West,40,3,0,1,9.7,5,693472.16
PROP-10551,1757,3,2.2,2,East Bay Outskirts,9,1,0,1,8.1,7,492502.53
PROP-10552,2344,4,4.0,1,Suburban West,2,1,1,1,13.3,7,807961.4
PROP-10553,1748,3,2.2,2,Downtown Metro,14,2,0,1,12.1,7,771304.84
PROP-10554,2237,4,3.0,2,Green Hills,28,3,0,1,10.4,8,888281.22
PROP-10555,1045,1,1.2,1,Downtown Metro,24,0,0,1,10.3,3,462767.1
PROP-10556,2219,3,2.2,2,Green Hills,5,0,0,1,14.5,6,844816.54
PROP-10557,1302,3,2.8,1,Downtown Metro,44,2,0,0,15.6,7,595779.2
PROP-10558,750,2,1.5,1,Downtown Metro,4,3,0,1,11.2,6,556030.43
PROP-10559,854,1,1.0,3,Riverside Park,0,2,0,1,14.0,7,481515.58
PROP-10560,1884,2,1.5,2,Suburban West,3,2,0,1,13.6,7,631425.43
PROP-10561,2727,3,3.2,1,Green Hills,17,2,0,1,4.9,4,929495.43
PROP-10562,2033,3,2.2,2,Riverside Park,2,2,1,1,15.2,7,826753.86
PROP-10563,3450,5,3.8,1,Riverside Park,10,2,0,1,1.0,8,1190972.73
PROP-10564,1506,2,2.0,1,Downtown Metro,13,0,0,1,14.1,7,665379.06
PROP-10565,1708,3,2.2,1,Riverside Park,15,0,1,1,10.8,6,694718.37
PROP-10566,2363,3,2.2,2,Downtown Metro,12,1,0,1,16.5,7,889495.73
PROP-10567,1048,2,1.5,2,Suburban West,5,1,0,1,10.4,8,453521.06
PROP-10568,1537,2,1.5,1,Green Hills,16,2,0,1,1.0,6,689973.93
PROP-10569,2042,3,2.2,1,Downtown Metro,15,0,0,1,13.8,9,803708.63
PROP-10570,2683,3,2.8,1,Suburban West,4,2,1,1,4.9,4,847889.85
PROP-10571,2052,3,3.2,1,Green Hills,7,1,1,1,2.4,4,907183.31
PROP-10572,750,1,1.2,1,Metro Uptown,30,2,0,1,14.4,6,318830.69
PROP-10573,1616,3,2.8,2,Suburban West,1,1,0,1,23.1,8,569611.02
PROP-10574,2260,4,3.0,1,Suburban West,13,3,1,1,6.1,9,819602.04
PROP-10575,2657,3,2.2,2,Green Hills,12,2,0,1,8.4,9,1050082.98
PROP-10576,1912,2,1.5,2,Suburban West,27,2,1,1,11.3,4,565625.36
PROP-10577,2241,4,3.0,1,Green Hills,22,1,1,1,8.6,7,936646.77
PROP-10578,3651,4,3.0,2,Riverside Park,11,2,0,1,8.9,7,1132685.7
PROP-10579,2076,3,2.2,2,Suburban West,0,1,0,1,10.2,7,685218.82
PROP-10580,2214,4,3.0,2,Riverside Park,11,0,0,1,6.3,8,847460.57
PROP-10581,2788,3,2.8,3,Downtown Metro,5,2,0,1,5.2,5,1069249.52
PROP-10582,1173,1,1.0,2,Green Hills,53,2,1,1,9.0,7,557631.19
PROP-10583,2687,3,3.2,2,Suburban West,10,2,0,1,14.3,6,784324.73
PROP-10584,1774,2,1.5,1,Green Hills,8,1,0,1,13.4,4,703885.42
PROP-10585,1664,2,1.5,2,Green Hills,20,2,0,1,13.4,10,734125.97
PROP-10586,3031,3,2.2,1,Downtown Metro,15,2,1,1,15.9,7,1151016.04
PROP-10587,3350,5,4.2,3,Metro Uptown,1,0,1,1,29.2,6,1085445.29
PROP-10588,2667,3,2.2,2,Downtown Metro,1,3,0,1,17.5,7,1053690.64
PROP-10589,1421,2,2.5,2,Suburban West,15,1,0,0,20.3,9,520994.76
PROP-10590,1268,3,2.2,3,Suburban West,3,3,0,1,8.6,8,605367.52
PROP-10591,2420,3,2.2,1,Downtown Metro,40,2,0,1,14.0,7,880502.57
PROP-10592,2574,3,2.8,1,Metro Uptown,19,1,0,1,5.9,8,803701.68
PROP-10593,1501,3,2.2,1,Green Hills,4,2,0,1,15.2,7,730720.63
PROP-10594,2011,4,3.5,2,Suburban West,4,1,0,1,7.9,10,738045.77
PROP-10595,1353,2,1.5,2,Green Hills,34,2,0,0,5.1,7,646343.14
PROP-10596,3052,3,2.2,2,Green Hills,19,0,1,1,25.8,5,979953.99
PROP-10597,1662,2,2.0,2,Downtown Metro,4,0,0,0,10.4,6,688203.58
PROP-10598,1010,2,2.5,2,Green Hills,6,1,0,1,13.2,9,620772.05
PROP-10599,2633,3,2.2,1,East Bay Outskirts,3,3,0,1,1.0,9,718227.71
PROP-10600,2282,3,2.2,2,Green Hills,25,2,1,1,18.8,8,883729.61
PROP-10601,2122,3,2.2,1,Riverside Park,2,1,0,1,1.1,6,778232.84
PROP-10602,2210,3,2.8,1,Green Hills,15,0,0,1,18.3,8,838059.5
PROP-10603,1807,2,1.5,1,Downtown Metro,2,2,1,1,15.9,9,827189.91
PROP-10604,993,2,2.0,1,Riverside Park,4,2,0,1,12.1,7,551916.39
PROP-10605,2859,3,2.8,1,Green Hills,0,1,0,1,12.4,6,991146.69
PROP-10606,1570,2,2.5,1,Suburban West,28,2,0,1,15.9,8,554150.63
PROP-10607,1316,2,2.0,2,Suburban West,6,2,0,1,7.5,5,521370.25
PROP-10608,2330,3,3.2,1,Suburban West,13,0,1,1,13.3,8,736757.5
PROP-10609,1623,3,2.8,1,Downtown Metro,4,0,0,1,10.2,5,732428.32
PROP-10610,2701,4,3.0,1,East Bay Outskirts,17,1,0,1,17.9,6,652469.22
PROP-10611,2456,3,2.2,1,Riverside Park,1,1,0,1,18.4,8,872899.1
PROP-10612,2235,3,2.8,1,Downtown Metro,17,0,1,1,17.2,5,892582.49
PROP-10613,2046,4,3.0,2,Riverside Park,10,2,1,1,21.8,6,804430.03
PROP-10614,2244,4,3.0,2,Metro Uptown,4,0,1,0,3.2,8,819494.25
PROP-10615,1856,2,2.0,1,Green Hills,30,1,0,1,23.3,7,700664.82
PROP-10616,1025,1,1.0,2,Metro Uptown,14,1,1,1,6.3,3,471363.97
PROP-10617,971,1,1.2,2,Suburban West,26,1,0,1,23.9,6,305547.62
PROP-10618,1899,2,2.0,2,Green Hills,45,2,0,1,9.7,6,760366.67
PROP-10619,2169,4,3.0,1,Suburban West,8,2,1,1,15.1,6,736836.58
PROP-10620,1288,3,2.8,2,Metro Uptown,10,1,1,1,15.1,4,584197.68
PROP-10621,1695,3,2.2,2,Riverside Park,1,2,0,0,9.4,6,730088.96
PROP-10622,2394,3,2.8,1,Riverside Park,7,3,0,1,13.0,7,867916.18
PROP-10623,2485,3,2.2,3,Suburban West,5,1,0,1,11.7,6,743123.16
PROP-10624,1186,2,2.5,1,Riverside Park,8,2,0,1,2.5,7,616892.86
PROP-10625,2501,4,3.0,1,Suburban West,15,1,0,1,9.5,5,717362.12
PROP-10626,2173,3,3.2,1,Green Hills,6,1,0,1,16.9,5,870961.42
PROP-10627,2596,3,2.8,1,Suburban West,2,0,0,1,11.7,8,727924.4
PROP-10628,750,1,1.2,1,Downtown Metro,5,2,1,1,18.5,8,485241.1
PROP-10629,2311,3,2.2,2,Green Hills,23,2,0,1,6.5,8,920458.0
PROP-10630,2471,4,3.0,1,Suburban West,6,2,0,1,7.8,8,780623.0
PROP-10631,2183,4,3.0,1,Green Hills,21,0,1,0,13.8,5,881261.81
PROP-10632,1443,2,1.5,2,Suburban West,11,2,0,1,20.3,6,507421.62
PROP-10633,2758,4,3.0,1,Green Hills,1,2,1,1,2.1,8,1119030.93
PROP-10634,1998,3,2.8,1,Suburban West,18,1,0,1,12.9,6,597788.43
PROP-10635,750,1,1.0,2,Suburban West,7,1,1,1,19.7,7,428560.34
PROP-10636,1483,3,2.2,2,Downtown Metro,2,3,1,1,16.4,8,837684.21
PROP-10637,3114,3,3.2,2,Metro Uptown,9,2,1,1,10.5,6,956310.37
PROP-10638,2645,3,2.2,2,East Bay Outskirts,26,0,1,1,16.1,6,573156.91
PROP-10639,1706,2,2.0,1,Green Hills,3,2,0,1,12.8,9,765929.2
PROP-10640,766,2,2.0,1,Suburban West,2,1,0,1,5.0,5,422545.89
PROP-10641,1845,3,3.2,1,Riverside Park,13,0,0,0,16.4,8,724220.06
PROP-10642,2915,4,3.0,3,Suburban West,13,2,0,1,11.6,3,823168.33
PROP-10643,1408,2,2.0,2,Suburban West,21,1,0,1,11.6,6,481836.81
PROP-10644,1962,3,2.2,2,Downtown Metro,48,1,0,0,10.5,5,780906.63
PROP-10645,2556,3,2.2,2,Green Hills,12,2,0,1,5.7,6,967650.85
PROP-10646,2593,3,2.8,1,Riverside Park,47,1,1,1,12.0,8,851519.52
PROP-10647,1873,3,2.2,1,East Bay Outskirts,3,1,0,1,3.0,7,555198.52
PROP-10648,3044,4,3.0,1,Downtown Metro,39,3,0,1,20.2,7,1071030.43
PROP-10649,2474,3,2.2,3,Green Hills,3,3,1,1,9.6,6,998411.37
PROP-10650,1393,3,2.2,2,Suburban West,0,2,1,1,6.7,8,615190.28
PROP-10651,1389,2,2.5,3,Riverside Park,9,2,0,1,19.5,6,614518.06
PROP-10652,2118,4,3.5,2,Suburban West,36,0,0,1,10.1,4,636398.15
PROP-10653,2098,4,3.5,2,Downtown Metro,24,2,0,1,18.5,6,914557.7
PROP-10654,2322,3,2.2,2,Green Hills,1,2,0,1,8.3,8,947812.21
PROP-10655,2710,4,3.0,1,Suburban West,7,1,0,1,13.0,5,777850.82
PROP-10656,2087,4,4.0,1,Green Hills,9,2,1,1,11.4,10,978818.09
PROP-10657,2148,4,3.5,2,Metro Uptown,11,1,0,1,12.4,9,783367.33
PROP-10658,2036,3,2.8,1,Metro Uptown,15,3,0,1,5.4,9,778243.35
PROP-10659,1113,2,1.5,2,Downtown Metro,16,1,0,1,16.8,8,568900.25
PROP-10660,3679,5,4.2,1,Metro Uptown,4,1,0,1,7.1,5,1082016.28
PROP-10661,1728,3,2.2,2,Riverside Park,6,2,0,1,9.0,4,683474.79
PROP-10662,4175,5,4.2,1,Downtown Metro,4,2,1,1,11.8,4,1477969.43
PROP-10663,1562,3,2.8,1,Downtown Metro,0,2,0,1,10.0,8,749129.41
PROP-10664,2094,3,2.2,2,Green Hills,4,0,0,1,11.8,7,842957.29
PROP-10665,2653,4,3.0,1,Suburban West,4,2,0,1,13.3,7,791680.92
PROP-10666,2812,3,3.2,2,Metro Uptown,11,2,1,1,5.0,8,939078.18
PROP-10667,2823,4,3.0,1,Green Hills,6,1,0,1,10.7,6,985089.14
PROP-10668,2117,3,2.2,2,Green Hills,13,1,0,0,13.8,8,908699.21
PROP-10669,2306,3,2.2,1,Downtown Metro,47,2,0,1,7.5,7,839250.94
PROP-10670,2337,4,3.0,2,Downtown Metro,23,1,0,1,24.8,5,873777.49
PROP-10671,2552,3,3.2,1,Suburban West,22,1,0,1,11.8,8,703068.01
PROP-10672,1813,3,2.2,2,Suburban West,33,0,0,1,1.0,3,515655.77
PROP-10673,1415,3,2.8,1,Downtown Metro,9,3,0,1,12.6,9,750113.1
PROP-10674,1979,3,2.8,1,Downtown Metro,15,2,0,1,10.6,4,847848.58
PROP-10675,2836,3,2.2,1,Downtown Metro,6,1,0,1,4.5,10,1081277.43
PROP-10676,2215,4,3.0,2,East Bay Outskirts,0,2,1,1,8.9,6,672665.13
PROP-10677,1823,3,2.2,1,East Bay Outskirts,3,0,0,1,12.3,9,510817.5
PROP-10678,1661,3,2.8,1,Metro Uptown,37,1,0,0,22.8,6,541692.14
PROP-10679,2429,3,2.2,1,Green Hills,24,2,0,1,4.2,6,898496.93
PROP-10680,1960,2,1.5,2,Green Hills,1,3,0,1,12.5,8,857042.5
PROP-10681,3142,4,3.5,3,Suburban West,19,2,1,1,20.5,7,890983.48
PROP-10682,2004,4,3.5,1,Suburban West,14,2,0,1,20.0,5,665135.1
PROP-10683,2111,3,2.2,2,Downtown Metro,14,2,0,1,14.0,4,831027.83
PROP-10684,2832,4,3.0,2,Suburban West,22,3,0,1,10.7,8,830567.6
PROP-10685,851,1,1.2,2,Downtown Metro,14,2,0,1,17.1,6,498717.54
PROP-10686,2819,4,3.5,1,Suburban West,1,2,0,0,22.9,9,776733.71
PROP-10687,2745,3,2.8,2,Green Hills,15,2,0,1,20.6,8,990137.5
PROP-10688,1121,1,1.0,2,Metro Uptown,5,2,0,1,15.7,7,522526.37
PROP-10689,3508,4,3.0,2,Riverside Park,10,2,0,1,6.6,6,1113237.05
PROP-10690,1294,3,2.2,1,Downtown Metro,10,1,0,1,17.8,9,643827.53
PROP-10691,2033,4,3.0,2,Green Hills,19,1,0,1,20.0,6,824098.66
PROP-10692,2544,3,2.8,2,Green Hills,0,1,0,1,13.0,6,967695.17
PROP-10693,2429,3,2.8,2,Green Hills,4,2,0,1,15.7,7,958116.54
PROP-10694,750,2,2.0,2,Suburban West,19,1,0,1,14.3,9,399139.01
PROP-10695,1954,3,2.2,2,Green Hills,8,0,0,1,6.3,8,817928.21
PROP-10696,2956,4,3.0,2,Green Hills,2,1,0,1,1.2,8,1084837.96
PROP-10697,3855,4,3.0,2,East Bay Outskirts,13,3,1,1,22.9,7,885126.2
PROP-10698,1990,3,2.2,2,Riverside Park,18,3,0,1,17.7,4,751160.11
PROP-10699,3496,4,3.0,2,Riverside Park,7,1,1,1,16.4,6,1149804.37
PROP-10700,1045,1,1.2,2,Green Hills,2,2,0,1,2.5,7,629519.79
PROP-10701,2699,4,3.5,1,Riverside Park,48,2,1,1,11.3,5,892812.5
PROP-10702,2022,3,2.2,2,Green Hills,12,0,0,1,10.4,7,791025.35
PROP-10703,2808,3,3.2,2,Riverside Park,35,0,1,1,18.1,8,955824.98
PROP-10704,3581,4,4.0,1,East Bay Outskirts,10,2,1,1,5.2,6,841144.27
PROP-10705,2444,4,3.5,1,Downtown Metro,1,2,0,1,1.0,8,1047742.25
PROP-10706,2031,3,3.2,2,Green Hills,19,1,0,1,22.8,10,838438.83
PROP-10707,2891,4,3.0,3,Green Hills,10,2,0,1,18.9,7,1053312.8
PROP-10708,2849,3,2.2,1,Green Hills,22,1,0,1,8.0,8,1017290.1
PROP-10709,2121,3,2.2,1,Metro Uptown,5,2,0,1,11.9,5,755005.42
PROP-10710,1862,2,1.5,3,Green Hills,19,0,1,1,12.7,9,798208.99
PROP-10711,2194,3,2.8,2,Suburban West,44,3,1,1,3.3,7,689148.3
PROP-10712,3288,4,3.0,2,Metro Uptown,2,1,0,1,12.7,5,1001828.02
PROP-10713,3136,4,3.0,2,Suburban West,14,2,0,1,4.9,5,886980.22
PROP-10714,2555,4,3.0,2,Green Hills,7,1,0,1,18.2,6,916457.66
PROP-10715,2969,4,3.0,3,Riverside Park,20,2,0,1,13.4,6,973963.24
PROP-10716,2511,3,3.2,2,Metro Uptown,11,2,0,1,15.2,7,793303.09
PROP-10717,2535,4,3.5,1,Suburban West,0,3,0,1,16.1,5,830823.27
PROP-10718,2606,3,2.8,2,Metro Uptown,36,1,0,1,2.2,8,797484.42
PROP-10719,1540,2,2.0,1,Green Hills,12,1,0,1,1.0,7,677147.08
PROP-10720,1314,3,2.8,1,Green Hills,9,0,0,1,12.7,10,747778.6
PROP-10721,3651,4,4.0,2,East Bay Outskirts,5,2,0,1,20.3,6,824177.37
PROP-10722,1454,2,2.0,1,Riverside Park,0,2,0,1,6.2,6,631234.09
PROP-10723,1492,2,1.5,2,Suburban West,2,1,1,1,19.6,8,562069.0
PROP-10724,3026,3,2.8,2,Riverside Park,25,3,1,1,5.8,3,1012558.87
PROP-10725,2629,3,3.2,2,Suburban West,55,3,0,1,14.6,6,703266.74
PROP-10726,2165,3,2.2,1,Suburban West,15,2,0,1,1.0,9,711430.58
PROP-10727,2024,3,2.2,2,Suburban West,5,1,0,1,16.4,7,634085.12
PROP-10728,2058,4,3.5,1,Suburban West,5,2,1,1,4.3,7,753673.04
PROP-10729,2023,4,3.0,1,Metro Uptown,15,2,0,1,16.0,6,706523.79
PROP-10730,756,1,1.0,1,Green Hills,9,3,0,1,10.2,8,566650.97
PROP-10731,3461,5,4.2,1,Suburban West,17,2,0,1,12.8,8,968164.38
PROP-10732,1905,2,1.5,1,Suburban West,7,1,0,1,19.7,7,530046.29
PROP-10733,1801,3,2.2,2,Downtown Metro,10,1,0,1,15.4,6,747376.98
PROP-10734,1324,2,1.5,2,Suburban West,2,0,0,1,8.1,7,531235.18
PROP-10735,2755,3,3.2,1,Green Hills,55,2,0,1,18.8,5,919114.85
PROP-10736,2031,4,3.0,1,Suburban West,13,3,0,1,8.4,7,695349.69
PROP-10737,1304,2,2.5,1,Downtown Metro,8,0,0,1,18.3,5,596385.46
PROP-10738,2896,3,2.8,1,Green Hills,5,1,0,1,16.5,10,1054888.03
PROP-10739,2512,4,3.5,1,East Bay Outskirts,4,0,0,1,5.6,8,669135.4
PROP-10740,1555,2,1.5,2,Suburban West,44,0,0,1,21.8,6,430410.01
PROP-10741,2298,3,2.2,1,Green Hills,7,2,1,1,20.3,8,917833.86
PROP-10742,1114,2,2.0,2,Suburban West,22,1,0,1,14.3,5,424831.62
PROP-10743,755,1,1.0,2,Downtown Metro,4,1,0,1,8.4,6,468352.07
PROP-10744,2788,3,2.8,2,Downtown Metro,2,3,1,1,17.1,6,1111585.95
PROP-10745,2012,4,3.5,2,Downtown Metro,17,0,0,1,22.4,7,858765.83
PROP-10746,2839,3,2.2,3,Green Hills,6,0,0,1,16.4,6,959702.42
PROP-10747,2662,3,3.2,3,Green Hills,32,1,0,1,13.3,6,975185.22
PROP-10748,3076,3,2.8,3,Downtown Metro,7,2,0,1,10.3,7,1158392.85
PROP-10749,1994,2,2.0,1,Suburban West,4,2,0,1,13.4,10,669397.16
PROP-10750,1432,3,2.8,1,East Bay Outskirts,2,2,0,1,23.3,8,512422.26
PROP-10751,1468,3,2.2,2,East Bay Outskirts,47,2,0,1,13.0,4,369931.71
PROP-10752,2697,3,2.2,2,Suburban West,9,2,0,1,19.3,8,762514.17
PROP-10753,2708,4,4.0,3,Downtown Metro,5,2,0,1,7.0,6,1137604.86
PROP-10754,3658,6,4.5,2,Suburban West,29,2,0,1,12.8,5,975865.56
PROP-10755,2661,4,3.5,1,Metro Uptown,8,1,1,1,12.7,7,862498.47
PROP-10756,2457,3,2.2,1,Green Hills,19,2,0,1,4.6,8,931383.49
PROP-10757,2640,4,3.0,1,Downtown Metro,18,0,1,1,14.4,6,1018464.58
PROP-10758,2786,3,2.2,1,Riverside Park,2,2,1,1,15.5,8,968724.11
PROP-10759,1470,3,2.2,1,Downtown Metro,0,2,0,1,25.7,9,757794.63
PROP-10760,2070,4,3.5,2,Suburban West,25,0,0,0,7.3,6,637703.75
PROP-10761,2683,4,4.0,1,Suburban West,0,2,0,1,14.7,5,793948.64
PROP-10762,2550,4,3.0,1,Suburban West,2,1,0,1,1.0,5,791451.78
PROP-10763,1739,3,2.2,2,Suburban West,18,0,0,1,28.8,5,508227.44
PROP-10764,1187,2,1.5,3,Suburban West,30,2,0,1,20.3,4,419678.5
PROP-10765,2022,4,4.0,3,Suburban West,7,1,0,1,13.5,7,694444.79
PROP-10766,3003,4,4.0,2,Suburban West,39,1,0,0,16.6,6,772051.19
PROP-10767,2354,4,3.0,3,Downtown Metro,31,3,0,1,17.1,6,973906.13
PROP-10768,1888,3,2.8,2,Suburban West,3,0,0,1,9.5,6,657353.7
PROP-10769,2619,3,2.2,2,Metro Uptown,11,1,0,0,1.0,4,810156.78
PROP-10770,3044,4,3.5,2,Downtown Metro,41,2,0,1,19.2,6,1055094.84
PROP-10771,2190,4,3.5,2,Downtown Metro,0,2,0,1,14.4,5,966595.92
PROP-10772,1876,3,2.8,1,Green Hills,13,2,0,1,6.1,7,832850.46
PROP-10773,3009,3,2.2,2,East Bay Outskirts,5,1,0,0,6.4,7,715204.13
PROP-10774,1606,3,2.2,1,Downtown Metro,33,2,0,1,13.8,9,729395.7
PROP-10775,2565,3,2.2,1,Suburban West,1,2,0,1,4.6,7,759849.69
PROP-10776,3267,5,4.2,2,East Bay Outskirts,29,1,1,1,4.4,7,807751.25
PROP-10777,1169,1,1.8,2,Riverside Park,12,2,0,1,9.9,4,528659.8
PROP-10778,3003,3,2.8,1,Suburban West,3,0,0,1,1.0,9,855307.6
PROP-10779,750,1,1.2,2,Riverside Park,28,3,0,1,8.8,4,469800.45
PROP-10780,1972,3,2.8,2,Downtown Metro,3,1,0,1,14.7,5,812286.84
PROP-10781,2567,3,2.2,2,Downtown Metro,55,1,0,1,8.7,7,914303.25
PROP-10782,2445,3,2.8,2,Suburban West,50,1,0,1,1.0,8,709043.29
PROP-10783,2211,3,3.2,2,Green Hills,24,2,0,1,2.2,6,916777.11
PROP-10784,2063,3,2.2,3,Suburban West,2,2,1,0,3.6,5,739774.61
PROP-10785,2599,3,2.8,2,Downtown Metro,30,0,0,1,11.6,7,952102.68
PROP-10786,2124,3,2.2,2,Metro Uptown,7,2,1,0,9.0,7,801282.85
PROP-10787,1844,3,2.2,1,Suburban West,38,2,0,1,18.9,5,542545.53
PROP-10788,2199,3,2.2,2,Suburban West,9,3,1,1,5.5,8,754367.2
PROP-10789,2339,3,3.2,1,Metro Uptown,46,0,0,1,11.4,4,674146.41
PROP-10790,2306,3,3.2,1,Riverside Park,3,1,0,1,4.4,8,869785.85
PROP-10791,1587,3,2.2,2,Riverside Park,4,1,0,1,13.5,7,665173.84
PROP-10792,2527,3,2.2,3,Downtown Metro,11,2,0,1,14.2,5,973890.97
PROP-10793,1600,3,3.2,2,Riverside Park,47,2,0,1,11.0,6,684716.14
PROP-10794,1045,2,2.0,2,Suburban West,55,2,0,1,20.2,8,415918.76
PROP-10795,1461,3,3.2,1,Riverside Park,2,3,1,1,17.6,7,768635.79
PROP-10796,1715,3,2.8,2,Suburban West,10,2,0,1,12.9,6,609893.85
PROP-10797,1828,3,2.8,1,East Bay Outskirts,23,2,0,1,8.2,6,520127.2
PROP-10798,1251,3,2.8,1,Suburban West,22,2,0,1,14.0,6,559346.07
PROP-10799,1205,3,2.2,1,Metro Uptown,17,2,1,1,7.1,8,595314.98
PROP-10800,1964,3,2.8,3,Green Hills,27,3,1,1,24.6,6,823778.68
PROP-10801,2637,3,3.2,3,Downtown Metro,2,1,0,1,32.9,7,1029401.23
PROP-10802,2382,3,2.8,1,Suburban West,5,0,0,1,14.9,8,672800.1
PROP-10803,2266,3,2.2,1,Riverside Park,4,1,0,1,16.0,10,845562.94
PROP-10804,2848,3,2.2,2,Green Hills,18,1,0,1,8.7,6,943602.79
PROP-10805,3770,5,4.2,2,Suburban West,11,2,1,1,11.8,9,1071830.78
PROP-10806,2237,3,2.2,1,Suburban West,12,2,0,1,9.0,8,716040.99
PROP-10807,2524,4,3.0,1,Metro Uptown,8,1,0,1,11.8,7,866744.49
PROP-10808,1858,3,2.2,3,Downtown Metro,1,1,0,1,17.3,6,839664.76
PROP-10809,3347,5,3.8,1,East Bay Outskirts,35,3,1,1,19.8,7,789232.36
PROP-10810,2140,4,3.5,1,Suburban West,1,3,1,1,14.1,8,825480.3
PROP-10811,2566,4,3.5,2,Suburban West,1,2,0,1,10.0,8,834563.94
PROP-10812,2550,4,3.5,2,Suburban West,11,2,0,1,5.6,7,757334.51
PROP-10813,1834,2,2.0,3,East Bay Outskirts,49,2,1,1,6.1,7,478569.31
PROP-10814,1586,2,1.5,3,Suburban West,8,2,0,1,16.8,8,577310.33
PROP-10815,2451,4,3.5,2,Suburban West,7,3,0,1,13.6,10,791658.9
PROP-10816,3591,4,3.0,1,Suburban West,18,0,1,1,4.6,6,923518.59
PROP-10817,2454,4,3.0,1,Downtown Metro,9,3,0,1,14.4,4,974203.91
PROP-10818,2703,3,3.2,1,Suburban West,32,2,1,1,6.9,5,812587.19
PROP-10819,1314,3,2.2,2,Green Hills,14,2,0,1,11.2,4,676985.92
PROP-10820,2679,3,2.8,2,East Bay Outskirts,17,1,0,1,5.8,7,617354.96
PROP-10821,2446,4,3.0,1,Green Hills,22,2,0,1,16.1,7,918740.97
PROP-10822,750,1,1.8,2,Green Hills,8,0,0,1,21.1,10,519737.89
PROP-10823,1411,3,2.2,2,Downtown Metro,0,1,0,1,15.5,8,744438.22
PROP-10824,1971,3,2.2,2,Suburban West,8,1,0,0,1.0,8,639820.12
PROP-10825,2729,4,3.5,1,Riverside Park,3,0,0,1,12.5,6,948539.64
PROP-10826,2043,3,2.2,1,Metro Uptown,21,0,0,1,11.4,5,617570.27
PROP-10827,3315,5,3.8,2,Riverside Park,18,2,1,1,19.3,6,1082500.05
PROP-10828,2415,3,2.2,3,Suburban West,28,2,0,1,8.1,5,685348.78
PROP-10829,2201,4,3.5,2,Suburban West,28,2,1,1,15.3,8,756886.82
PROP-10830,2150,3,2.8,2,East Bay Outskirts,4,2,0,1,8.5,7,634622.67
PROP-10831,1636,3,2.2,3,East Bay Outskirts,0,2,0,1,10.6,7,527060.15
PROP-10832,2472,3,2.2,2,Suburban West,1,3,0,0,11.0,9,739469.13
PROP-10833,1934,2,2.0,1,Suburban West,29,0,1,1,13.3,5,571429.11
PROP-10834,1872,2,2.0,2,Downtown Metro,23,2,0,1,10.6,3,738597.14
PROP-10835,1379,3,3.2,1,Metro Uptown,1,2,0,1,16.0,8,676028.88
PROP-10836,2521,3,2.8,2,Green Hills,29,1,0,1,9.7,5,896072.28
PROP-10837,2183,4,3.0,1,Metro Uptown,6,2,0,1,11.3,8,787626.43
PROP-10838,1957,3,2.8,2,Green Hills,5,2,0,1,18.8,7,815305.65
PROP-10839,1848,3,2.2,2,Riverside Park,20,2,1,1,5.1,10,783154.47
PROP-10840,2809,3,2.2,1,Riverside Park,0,0,1,1,13.9,8,981506.83
PROP-10841,2892,3,3.2,2,Metro Uptown,4,2,0,1,12.2,4,913206.64
PROP-10842,2250,4,3.5,1,Downtown Metro,10,2,1,1,15.3,8,1002278.25
PROP-10843,2197,3,3.2,2,Green Hills,9,2,0,1,13.4,9,909409.76
PROP-10844,2245,3,3.2,2,Riverside Park,12,2,1,1,15.9,9,877062.62
PROP-10845,1193,1,1.0,1,Downtown Metro,15,2,1,1,2.3,8,653732.46
PROP-10846,2804,3,3.2,2,Downtown Metro,0,0,0,1,17.4,10,1089429.32
PROP-10847,1991,2,1.5,2,Green Hills,7,1,0,1,16.9,9,763767.27
PROP-10848,2702,4,3.0,2,Riverside Park,45,2,0,1,11.2,4,867171.27
PROP-10849,2521,4,3.0,2,Riverside Park,21,1,0,1,17.1,7,903482.77
PROP-10850,3000,3,2.2,1,Green Hills,12,3,1,1,20.8,6,1100247.42
PROP-10851,1789,3,2.2,2,Riverside Park,27,1,0,1,5.2,6,720195.59
PROP-10852,2595,3,2.2,2,Green Hills,17,3,0,1,23.6,8,941656.99
PROP-10853,1902,2,2.5,2,Downtown Metro,0,2,0,1,24.7,6,826888.43
PROP-10854,2504,4,3.0,1,East Bay Outskirts,27,2,0,1,6.4,5,613736.85
PROP-10855,2280,4,4.0,2,Metro Uptown,13,3,0,0,13.1,7,841014.46
PROP-10856,3349,6,4.5,2,Riverside Park,4,2,0,1,17.7,8,1132123.87
PROP-10857,2648,3,2.2,3,Downtown Metro,3,1,0,1,9.4,6,1034021.19
PROP-10858,1461,3,2.8,1,Downtown Metro,27,1,0,1,10.5,4,620651.72
PROP-10859,3112,4,3.0,1,Downtown Metro,18,3,0,1,9.3,7,1193701.79
PROP-10860,1362,3,2.8,2,Downtown Metro,9,1,0,1,15.3,6,662133.15
PROP-10861,2051,3,2.2,2,Green Hills,12,2,1,1,21.8,7,862425.24
PROP-10862,2712,3,2.2,1,Downtown Metro,14,2,0,1,11.0,5,1012593.53
PROP-10863,1685,2,2.0,1,East Bay Outskirts,2,1,0,1,9.7,8,502968.69
PROP-10864,1648,3,2.8,1,Green Hills,12,2,0,0,1.0,5,756054.37
PROP-10865,1923,2,2.0,1,Riverside Park,0,0,1,1,4.0,6,760073.77
PROP-10866,750,2,2.5,2,Downtown Metro,13,2,0,1,17.3,9,591509.94
PROP-10867,1761,2,2.0,1,Green Hills,26,1,1,1,1.4,7,745193.66
PROP-10868,2342,3,2.2,1,Green Hills,7,3,0,1,11.0,7,922843.6
PROP-10869,3029,3,2.2,3,Green Hills,20,2,0,1,15.0,6,1067120.22
PROP-10870,1767,3,2.2,3,Green Hills,40,1,1,1,22.1,7,769431.29
PROP-10871,1103,1,1.0,2,Riverside Park,13,2,0,1,11.4,7,540290.86
PROP-10872,2471,4,3.5,1,Downtown Metro,21,2,0,1,6.4,6,971884.43
PROP-10873,2945,4,3.0,2,Metro Uptown,10,1,0,1,10.9,4,874955.65
PROP-10874,3064,3,2.8,1,East Bay Outskirts,42,2,1,1,8.6,7,674852.21
PROP-10875,1206,3,3.2,2,Downtown Metro,25,2,0,1,11.8,7,677034.64
PROP-10876,1127,1,1.0,2,Green Hills,33,1,0,1,14.0,7,506590.04
PROP-10877,2265,3,2.2,1,Downtown Metro,35,2,0,0,12.3,4,855926.64
PROP-10878,1448,3,2.2,1,Riverside Park,55,2,0,1,16.5,9,610556.25
PROP-10879,2398,3,2.8,2,Green Hills,2,1,0,1,19.5,7,951904.92
PROP-10880,1687,3,2.8,2,East Bay Outskirts,0,1,0,1,2.5,8,548864.45
PROP-10881,2528,4,4.0,1,Riverside Park,6,1,0,1,1.0,6,958843.19
PROP-10882,1186,1,1.2,2,Riverside Park,17,0,0,0,21.2,9,503131.81
PROP-10883,2285,4,4.0,1,Downtown Metro,34,1,0,1,19.8,7,922780.78
PROP-10884,2717,3,2.8,2,Suburban West,8,2,0,1,15.6,8,795816.97
PROP-10885,2716,4,3.5,2,Green Hills,29,2,0,1,16.1,4,963398.95
PROP-10886,3050,3,2.2,2,Metro Uptown,1,2,0,1,10.7,6,914050.7
PROP-10887,2429,4,3.5,2,Riverside Park,1,1,1,1,6.7,9,1002470.81
PROP-10888,1943,3,2.2,1,Suburban West,30,2,0,1,24.5,8,562953.01
PROP-10889,1823,3,2.2,1,Green Hills,0,1,1,1,19.7,6,800335.53
PROP-10890,2258,3,2.2,1,Metro Uptown,1,0,0,1,5.8,5,693547.5
PROP-10891,2322,4,3.0,1,East Bay Outskirts,14,2,0,1,15.4,9,615906.62
PROP-10892,1961,3,2.2,2,Green Hills,6,2,0,1,8.0,7,868114.75
PROP-10893,2675,4,3.5,2,East Bay Outskirts,22,1,0,1,9.9,5,632574.13
PROP-10894,1673,3,2.8,1,Green Hills,2,1,0,1,6.3,7,795746.54
PROP-10895,1542,3,2.2,2,Downtown Metro,22,3,0,1,19.7,8,741300.97
PROP-10896,1484,2,1.5,2,Metro Uptown,44,3,0,1,12.4,5,581138.41
PROP-10897,1655,3,2.2,1,Green Hills,1,2,0,1,11.5,4,780261.61
PROP-10898,1766,2,2.0,1,Green Hills,5,2,0,1,14.7,9,804895.57
PROP-10899,1461,3,2.2,3,Riverside Park,25,1,0,0,5.4,6,628309.94
PROP-10900,2443,3,2.2,2,Suburban West,24,2,1,1,16.4,6,736403.0
PROP-10901,1861,3,2.2,1,Suburban West,0,0,0,1,3.1,5,591619.66
PROP-10902,1646,3,3.2,2,East Bay Outskirts,5,2,0,1,10.2,8,563292.53
PROP-10903,1023,2,2.0,1,Metro Uptown,55,1,0,1,23.7,6,353946.32
PROP-10904,1345,2,1.5,3,Downtown Metro,55,0,0,0,10.2,6,539675.57
PROP-10905,4001,4,3.5,1,Green Hills,38,2,0,1,16.1,6,1254267.46
PROP-10906,2110,4,3.5,3,Green Hills,11,0,0,1,9.1,7,887871.12
PROP-10907,1761,3,2.2,2,Metro Uptown,31,2,0,1,18.3,3,611485.74
PROP-10908,2350,3,2.8,3,Riverside Park,23,1,0,0,13.6,9,864682.93
PROP-10909,1026,2,2.0,3,East Bay Outskirts,24,2,0,1,6.5,4,381381.97
PROP-10910,1950,2,2.0,1,Downtown Metro,16,0,0,1,9.8,5,731423.07
PROP-10911,2362,3,2.2,3,Downtown Metro,17,1,0,1,16.4,7,952864.18
PROP-10912,1274,3,3.2,3,Suburban West,31,3,0,1,15.2,6,564627.87
PROP-10913,2130,3,2.8,2,Downtown Metro,1,1,0,1,10.1,6,927857.72
PROP-10914,1542,2,1.5,2,Downtown Metro,38,2,0,1,12.3,9,695272.6
PROP-10915,2750,4,3.5,3,East Bay Outskirts,10,3,1,1,15.6,5,734206.7
PROP-10916,2854,3,2.2,2,Suburban West,1,1,0,1,11.7,7,791662.39
PROP-10917,2105,3,2.2,1,Suburban West,11,0,0,1,17.6,5,584070.76
PROP-10918,2407,3,2.8,1,Riverside Park,4,2,0,1,11.5,8,878233.76
PROP-10919,2661,4,3.0,2,Suburban West,1,2,0,0,10.5,9,783597.41
PROP-10920,2113,3,2.8,2,Metro Uptown,8,1,0,1,15.0,7,773337.51
PROP-10921,1082,2,2.0,1,Metro Uptown,14,1,1,1,14.1,6,531054.72
PROP-10922,1810,2,2.0,2,Green Hills,20,2,1,1,7.9,7,786675.48
PROP-10923,2399,4,4.0,1,East Bay Outskirts,6,3,1,1,20.7,3,645994.37
PROP-10924,2078,4,3.0,2,Downtown Metro,0,2,0,1,15.5,6,908716.69
PROP-10925,3508,5,3.8,1,Suburban West,2,2,0,1,19.6,7,958217.08
PROP-10926,1465,2,2.5,2,Riverside Park,5,2,0,1,22.8,5,627130.24
PROP-10927,1498,3,3.2,1,Downtown Metro,9,2,1,1,18.0,6,725693.3
PROP-10928,2025,4,3.5,2,Suburban West,14,1,0,1,14.5,6,656824.45
PROP-10929,1571,3,2.8,3,Riverside Park,16,1,0,1,13.9,6,669721.04
PROP-10930,1378,3,2.8,1,Suburban West,0,0,0,1,12.3,9,527117.25
PROP-10931,1679,3,3.2,2,Suburban West,12,1,0,1,5.3,9,667982.02
PROP-10932,1908,2,1.5,2,Downtown Metro,11,1,0,1,27.3,8,791752.05
PROP-10933,3496,4,4.0,2,Suburban West,5,2,1,1,4.1,8,1008309.71
PROP-10934,1890,3,2.2,1,Green Hills,34,2,0,1,14.3,7,814474.84
PROP-10935,1843,3,2.2,1,East Bay Outskirts,1,0,0,1,1.0,7,556971.37
PROP-10936,2217,3,2.8,3,Green Hills,1,1,0,1,7.5,7,923349.62
PROP-10937,2040,4,3.5,2,Green Hills,22,2,1,1,11.2,8,886937.78
PROP-10938,3137,3,2.8,1,Suburban West,0,1,0,1,9.6,7,856545.34
PROP-10939,3138,4,3.5,1,Green Hills,10,3,0,1,8.5,8,1136216.66
PROP-10940,1832,2,1.5,1,Riverside Park,55,2,0,1,11.1,10,650056.36
PROP-10941,2532,4,3.0,2,Downtown Metro,36,1,0,1,11.6,8,955462.79
PROP-10942,1392,2,2.0,1,Suburban West,8,1,0,1,20.6,7,492744.35
PROP-10943,1252,3,2.8,1,Downtown Metro,36,1,0,1,14.8,5,592129.91
PROP-10944,3143,3,2.8,1,Green Hills,6,2,0,1,12.5,7,1078403.68
PROP-10945,2528,4,3.0,1,Downtown Metro,11,1,1,1,6.0,7,1017916.08
PROP-10946,2951,3,2.8,1,Riverside Park,26,1,0,1,3.9,6,920540.44
PROP-10947,2476,4,3.0,2,Green Hills,11,3,0,1,11.0,2,962353.34
PROP-10948,2594,3,3.2,1,Suburban West,17,3,0,1,8.0,6,800262.47
PROP-10949,2234,3,2.8,2,Suburban West,7,1,1,0,5.2,8,752526.98
PROP-10950,3120,3,3.2,1,Green Hills,2,2,0,1,14.7,10,1099017.21
PROP-10951,1069,2,1.5,1,Green Hills,3,1,1,1,14.9,6,618780.7
PROP-10952,2152,4,3.5,1,Downtown Metro,31,2,0,1,11.2,5,875087.15
PROP-10953,750,1,1.0,2,Green Hills,55,2,0,1,6.3,6,436105.1
PROP-10954,3213,5,3.8,1,Suburban West,17,1,0,1,17.3,6,861420.68
PROP-10955,1877,2,2.0,1,Metro Uptown,7,0,0,1,15.5,6,632226.7
PROP-10956,3208,5,4.2,1,Green Hills,3,2,0,1,14.0,7,1176793.18
PROP-10957,1875,3,2.2,2,Green Hills,23,2,0,1,17.4,10,777381.63
PROP-10958,2442,3,2.2,2,Downtown Metro,0,0,0,1,18.5,8,915101.12
PROP-10959,1573,3,2.8,2,Downtown Metro,4,0,0,1,9.8,6,734614.05
PROP-10960,2896,4,3.0,1,Suburban West,5,2,0,1,20.8,8,858458.64
PROP-10961,3104,3,2.8,3,Metro Uptown,7,2,0,0,15.1,5,922642.5
PROP-10962,2109,3,2.8,1,East Bay Outskirts,0,2,0,1,12.8,8,608260.26
PROP-10963,1584,3,3.2,2,Green Hills,31,2,0,1,8.5,6,782223.62
PROP-10964,989,1,1.0,1,Suburban West,25,2,0,1,15.2,5,352912.85
PROP-10965,1709,2,1.5,2,Metro Uptown,19,2,1,1,13.9,5,623934.94
PROP-10966,2250,4,3.0,1,Green Hills,0,2,0,1,17.4,8,945503.19
PROP-10967,1756,3,2.8,3,Suburban West,6,1,0,1,21.4,8,629045.6
PROP-10968,1763,3,2.2,1,Green Hills,19,0,0,1,7.4,8,711430.02
PROP-10969,1676,2,2.0,2,Riverside Park,5,0,0,0,24.5,6,616099.2
PROP-10970,1589,3,2.8,1,Green Hills,19,2,0,1,18.6,8,737533.92
PROP-10971,2506,3,2.8,2,Suburban West,10,2,0,1,6.9,7,762365.88
PROP-10972,2125,3,2.8,2,East Bay Outskirts,2,3,0,1,5.7,4,597215.27
PROP-10973,2477,4,3.0,1,Downtown Metro,1,2,0,0,6.6,5,998454.37
PROP-10974,2337,4,3.5,2,Metro Uptown,12,1,0,1,15.9,5,797417.92
PROP-10975,1086,1,1.8,2,Green Hills,16,2,0,1,11.4,6,596322.49
PROP-10976,1668,2,1.5,1,Downtown Metro,2,0,0,1,15.8,8,702431.28
PROP-10977,1545,3,2.2,2,Green Hills,21,2,0,1,9.8,5,685141.08
PROP-10978,1352,2,1.5,1,Riverside Park,2,3,0,1,14.9,8,649771.88
PROP-10979,2339,4,3.0,3,Downtown Metro,9,1,0,1,2.7,8,1000706.21
PROP-10980,3535,4,3.5,1,Metro Uptown,17,0,1,1,11.2,5,987405.88
PROP-10981,1069,1,1.0,1,Suburban West,0,0,1,1,16.8,7,380686.01
PROP-10982,1375,3,3.2,1,Downtown Metro,21,0,0,1,13.5,5,635488.24
PROP-10983,997,2,2.5,1,Green Hills,3,1,1,1,8.3,5,625856.75
PROP-10984,2266,4,3.0,2,Suburban West,3,1,1,1,12.0,5,740511.22
PROP-10985,1756,2,1.5,3,Metro Uptown,11,1,0,1,26.0,5,579441.2
PROP-10986,2994,4,3.0,1,Suburban West,47,2,0,1,18.3,4,750157.89
PROP-10987,2312,3,2.2,1,Riverside Park,6,1,1,1,20.7,7,882769.67
PROP-10988,2113,3,2.2,2,Downtown Metro,32,0,1,1,13.7,7,870149.65
PROP-10989,2521,4,3.5,3,Suburban West,55,0,1,1,16.1,9,705523.84
PROP-10990,2892,3,2.2,3,Downtown Metro,8,1,0,1,12.6,9,1098427.06
PROP-10991,2246,3,2.8,2,Suburban West,12,0,0,1,20.5,8,636314.29
PROP-10992,1594,2,2.0,1,Downtown Metro,32,0,0,1,17.8,4,634078.78
PROP-10993,1943,3,2.2,1,Suburban West,26,1,0,1,17.0,9,588943.65
PROP-10994,2163,4,3.5,1,Suburban West,55,2,0,0,2.9,8,647044.42
PROP-10995,1532,3,2.2,3,Green Hills,43,0,0,0,12.7,7,664818.46
PROP-10996,1973,3,2.8,2,Downtown Metro,6,0,1,0,7.3,6,872875.75
PROP-10997,2329,4,3.5,1,Downtown Metro,47,2,1,1,4.8,7,968984.05
PROP-10998,2517,3,2.2,1,Suburban West,3,1,0,1,24.1,5,676716.13
PROP-10999,2440,3,2.8,2,Downtown Metro,8,2,1,1,24.4,10,999685.29
PROP-11000,2384,3,3.2,1,Downtown Metro,55,2,0,1,12.8,6,898890.1
PROP-11001,1541,3,2.2,2,Riverside Park,14,2,1,1,8.8,8,732774.39
PROP-11002,2576,4,3.5,2,Green Hills,27,3,0,1,12.9,10,1023222.78
PROP-11003,1293,2,1.5,1,Green Hills,35,3,0,0,10.1,6,561022.47
PROP-11004,1497,3,2.8,2,Green Hills,7,3,1,1,8.7,7,786330.33
PROP-11005,3497,5,3.8,2,Downtown Metro,47,1,0,0,3.3,7,1202592.11
PROP-11006,3345,4,3.5,1,Downtown Metro,14,1,0,1,15.9,5,1164799.34
PROP-11007,2208,4,3.5,2,Downtown Metro,4,0,0,1,12.8,6,917934.1
PROP-11008,2230,4,3.5,1,Metro Uptown,5,0,0,1,5.7,10,826349.68
PROP-11009,788,2,1.5,2,Suburban West,21,1,0,1,5.5,7,407601.06
PROP-11010,1851,3,3.2,3,Suburban West,27,1,0,1,16.0,9,638470.56
PROP-11011,750,1,1.0,2,East Bay Outskirts,12,2,0,1,13.2,8,340405.61
PROP-11012,2440,3,2.2,3,Downtown Metro,0,2,0,1,17.7,6,997069.81
PROP-11013,2053,3,2.2,2,Suburban West,1,1,0,1,18.0,7,656370.9
PROP-11014,2867,4,3.0,1,Green Hills,13,2,0,1,18.2,5,991307.68
PROP-11015,1847,2,1.5,1,Green Hills,20,1,0,1,11.0,8,739210.35
PROP-11016,2029,3,2.2,2,Downtown Metro,18,1,0,1,13.7,8,835011.34
PROP-11017,2265,3,2.8,3,Riverside Park,31,1,0,1,8.8,5,797234.41
PROP-11018,1565,2,2.0,1,Suburban West,11,2,0,1,20.3,8,547233.09
PROP-11019,831,1,1.0,2,East Bay Outskirts,10,0,0,1,13.3,7,319025.07
PROP-11020,2713,3,2.8,1,Riverside Park,10,1,0,1,1.3,6,897550.58
PROP-11021,1984,3,3.2,1,Suburban West,7,1,1,0,18.8,8,647047.45
PROP-11022,3144,3,2.2,2,Suburban West,34,1,1,1,1.0,6,854715.1
PROP-11023,1107,1,1.0,2,Green Hills,2,2,1,1,4.9,6,660845.23
PROP-11024,1619,3,3.2,3,Downtown Metro,15,2,0,1,25.8,6,794695.01
PROP-11025,2753,3,2.8,1,Suburban West,0,1,0,1,3.0,5,845710.21
PROP-11026,1327,3,2.2,1,Downtown Metro,15,3,0,1,21.1,6,662449.52
PROP-11027,1601,3,3.2,2,Downtown Metro,40,1,1,1,12.0,7,766534.66
PROP-11028,1646,2,1.5,3,Green Hills,5,2,0,1,17.6,9,742407.82
PROP-11029,784,2,2.5,2,Metro Uptown,3,3,0,1,6.1,6,542104.48
PROP-11030,2756,3,2.2,2,Riverside Park,0,0,1,1,13.8,9,941651.08
PROP-11031,2773,4,3.0,1,Riverside Park,2,2,0,1,27.4,6,927539.67
PROP-11032,1684,3,2.8,1,Downtown Metro,14,0,1,1,23.3,10,788373.53
PROP-11033,2912,3,2.2,1,Green Hills,18,1,1,0,11.3,9,1010253.94
PROP-11034,1474,2,1.5,3,Green Hills,12,2,0,1,15.3,8,705911.17
PROP-11035,1052,2,1.5,1,Riverside Park,7,1,0,1,27.1,8,514382.26
PROP-11036,2411,3,3.2,1,Metro Uptown,7,1,0,1,2.0,9,825710.16
PROP-11037,1945,3,2.2,2,Metro Uptown,3,2,0,1,1.1,8,714674.7
PROP-11038,2578,3,2.2,2,Metro Uptown,1,2,0,1,9.0,9,915442.27
PROP-11039,1154,1,1.8,2,Suburban West,2,0,1,1,10.2,9,518030.68
PROP-11040,2493,4,3.0,1,Green Hills,3,2,0,0,12.4,6,924783.95
PROP-11041,2070,3,2.8,1,East Bay Outskirts,0,3,0,1,18.7,5,501043.56
PROP-11042,1908,3,2.2,1,Downtown Metro,12,3,0,1,6.3,9,871454.67
PROP-11043,1941,2,1.5,1,Downtown Metro,27,2,0,1,12.2,6,763373.42
PROP-11044,3003,4,3.5,1,Metro Uptown,14,2,0,1,20.0,8,972580.99
PROP-11045,3166,4,3.5,2,Suburban West,8,1,0,1,17.1,7,871387.53
PROP-11046,1283,2,2.0,1,Green Hills,14,2,0,1,9.8,4,618755.15
PROP-11047,2044,3,2.2,1,Metro Uptown,53,2,0,1,13.5,4,611946.69
PROP-11048,2284,3,2.8,1,East Bay Outskirts,12,3,0,1,13.7,6,599418.18
PROP-11049,2441,3,3.2,1,Riverside Park,3,1,1,1,6.0,7,960162.97
PROP-11050,2250,3,3.2,2,Suburban West,7,1,1,1,6.7,6,738913.27
PROP-11051,1694,2,1.5,2,Suburban West,3,1,1,1,18.7,6,571371.05
PROP-11052,2316,4,3.5,1,Green Hills,36,2,0,1,11.9,6,889222.44
PROP-11053,1668,2,2.5,2,Riverside Park,19,1,0,1,14.1,5,632957.34
PROP-11054,914,2,1.5,2,Green Hills,0,2,0,1,17.2,7,615977.6
PROP-11055,3140,3,2.8,2,Downtown Metro,21,2,1,1,15.6,9,1135439.02
PROP-11056,1489,2,2.0,1,Riverside Park,20,2,0,1,7.1,9,672463.37
PROP-11057,2719,4,4.0,1,Metro Uptown,50,2,1,1,13.5,4,833088.75
PROP-11058,2298,3,2.2,1,Green Hills,13,1,0,1,10.9,5,860355.23
PROP-11059,3205,4,3.0,1,Downtown Metro,0,2,0,1,2.8,9,1199583.15
PROP-11060,2055,4,3.0,2,East Bay Outskirts,4,1,0,1,20.1,6,605547.19
PROP-11061,2318,3,2.2,2,Suburban West,1,3,0,1,12.8,5,704818.95
PROP-11062,2383,4,3.5,1,Green Hills,14,2,1,1,16.0,8,997083.93
PROP-11063,2168,3,2.8,3,Suburban West,9,2,0,1,8.0,7,721385.08
PROP-11064,2893,4,3.0,3,Riverside Park,12,2,0,1,17.0,8,985996.61
PROP-11065,2189,3,3.2,1,Suburban West,29,1,1,1,20.0,8,685983.57
PROP-11066,2671,4,4.0,1,Suburban West,2,0,0,1,16.2,5,771231.0
PROP-11067,958,2,1.5,3,Downtown Metro,14,1,0,1,19.3,8,550198.43
PROP-11068,1817,2,1.5,3,Downtown Metro,1,2,0,1,10.9,6,787006.56
PROP-11069,1262,3,3.2,1,Suburban West,21,2,1,1,7.3,7,620668.44
PROP-11070,3204,6,5.0,1,Green Hills,13,1,0,1,14.1,5,1135701.19
PROP-11071,1718,2,1.5,2,East Bay Outskirts,3,1,1,1,10.3,7,537637.11
PROP-11072,2030,3,2.8,2,Green Hills,23,3,0,1,13.1,7,857742.32
PROP-11073,2007,4,3.0,1,Metro Uptown,43,0,1,1,14.6,6,701127.13
PROP-11074,2434,3,2.8,1,Green Hills,0,0,0,1,4.2,6,931070.88
PROP-11075,1630,3,2.8,1,Suburban West,0,1,0,0,18.3,6,540960.78
PROP-11076,3209,5,3.8,2,Downtown Metro,10,2,0,1,6.2,2,1231524.17
PROP-11077,2860,3,2.8,1,Riverside Park,6,3,0,1,8.8,5,972847.78
PROP-11078,1256,3,3.2,1,Green Hills,3,2,0,1,14.1,7,695668.88
PROP-11079,1228,3,2.8,2,East Bay Outskirts,12,3,0,1,1.4,8,538250.35
PROP-11080,2831,3,2.8,1,Green Hills,25,0,1,1,8.3,7,971149.39
PROP-11081,1380,2,2.5,1,Green Hills,16,1,0,1,4.4,9,712482.66
PROP-11082,2368,3,2.2,1,Riverside Park,8,2,0,1,7.8,6,841474.77
PROP-11083,844,2,2.0,2,Riverside Park,10,2,0,1,17.7,7,518154.42
PROP-11084,1984,2,2.0,2,Suburban West,31,2,1,0,18.5,6,605520.74
PROP-11085,830,2,1.5,1,Suburban West,22,0,0,1,10.8,8,341763.29
PROP-11086,1872,2,2.5,1,Downtown Metro,12,2,0,1,11.0,8,783339.64
PROP-11087,2138,4,3.0,1,Suburban West,2,2,0,1,8.2,8,736947.97
PROP-11088,2488,4,3.0,2,Riverside Park,39,0,0,1,15.5,8,819281.91
PROP-11089,1827,3,2.8,3,Green Hills,8,2,0,1,8.6,6,833957.38
PROP-11090,1507,3,3.2,3,Downtown Metro,41,1,0,1,16.4,7,701584.69
PROP-11091,3192,3,2.2,2,Metro Uptown,8,3,0,1,10.1,9,983193.72
PROP-11092,1984,3,2.2,1,Metro Uptown,8,2,0,1,15.5,5,705066.21
PROP-11093,2150,3,2.2,1,East Bay Outskirts,3,1,0,1,1.0,7,610206.73
PROP-11094,3112,4,3.0,2,Metro Uptown,1,2,0,1,18.6,8,989654.86
PROP-11095,2150,4,3.0,2,Metro Uptown,1,1,0,1,11.4,6,771141.5
PROP-11096,1630,2,2.0,1,Green Hills,22,2,0,0,8.1,9,760030.96
PROP-11097,2003,3,2.2,1,East Bay Outskirts,2,1,0,1,18.1,7,525846.5
PROP-11098,815,1,1.0,3,Green Hills,55,0,0,1,9.7,6,398178.28
PROP-11099,980,1,1.0,1,Downtown Metro,55,1,1,1,10.5,8,504778.71
PROP-11100,2336,4,4.0,2,Downtown Metro,31,2,0,1,12.4,7,987809.36
PROP-11101,1014,1,1.2,2,Green Hills,25,2,0,1,16.8,7,523094.0
PROP-11102,2687,3,2.8,1,Suburban West,0,2,0,1,12.8,6,780623.09
PROP-11103,2984,3,2.8,2,Downtown Metro,14,1,0,1,15.2,8,1118613.31
PROP-11104,3505,4,3.0,2,East Bay Outskirts,18,0,0,0,15.2,6,720791.25
PROP-11105,3489,4,3.0,1,Riverside Park,2,2,0,1,8.1,7,1140203.41
PROP-11106,2079,4,3.0,1,Suburban West,3,0,0,1,4.8,8,689963.78
PROP-11107,2357,4,3.0,2,Suburban West,7,2,1,1,11.2,5,768226.8
PROP-11108,1961,3,2.2,1,Downtown Metro,0,2,0,1,12.7,7,867564.26
PROP-11109,2275,3,2.8,1,Green Hills,6,2,0,1,10.3,7,897760.89
PROP-11110,2837,3,3.2,2,Downtown Metro,40,2,0,1,12.0,5,1011639.19
PROP-11111,2556,3,2.8,3,Suburban West,31,1,0,1,12.3,4,669867.32
PROP-11112,3052,4,3.0,2,Metro Uptown,22,1,0,1,1.0,6,947522.26
PROP-11113,1316,2,1.5,1,Green Hills,11,2,0,1,14.8,6,626251.03
PROP-11114,1841,3,2.2,2,Riverside Park,16,0,0,0,16.4,9,691074.93
PROP-11115,2327,3,2.2,3,Suburban West,11,2,0,1,14.8,7,725309.11
PROP-11116,2083,3,2.2,1,Downtown Metro,22,1,1,1,3.4,5,873910.3
PROP-11117,1622,3,3.2,3,Riverside Park,7,3,0,1,29.5,6,711591.27
PROP-11118,2424,4,3.5,2,Riverside Park,7,2,0,1,15.6,8,920879.54
PROP-11119,3037,3,3.2,1,Green Hills,6,3,0,1,9.1,5,1066506.09
PROP-11120,1718,3,2.8,1,Riverside Park,4,1,0,1,15.9,9,731744.17
PROP-11121,3019,3,3.2,2,Riverside Park,25,2,0,1,15.6,9,967589.32
PROP-11122,2482,4,3.0,3,Suburban West,27,2,0,1,18.0,7,721916.59
PROP-11123,3525,4,3.0,2,Downtown Metro,1,2,0,0,16.8,8,1247516.8
PROP-11124,2198,3,2.8,1,Suburban West,23,1,0,1,19.0,6,640779.28
PROP-11125,2505,4,3.0,1,Metro Uptown,2,1,0,1,9.3,10,896150.41
PROP-11126,4249,4,3.0,1,Metro Uptown,7,0,0,1,15.0,5,1101006.43
PROP-11127,2928,3,2.2,1,East Bay Outskirts,37,2,0,1,3.0,7,620110.24
PROP-11128,2696,4,3.5,1,Suburban West,1,2,0,1,10.7,6,805375.39
PROP-11129,750,2,2.0,2,Suburban West,19,0,0,1,21.3,7,358750.87
PROP-11130,1749,3,2.2,1,East Bay Outskirts,29,2,0,1,1.0,8,528910.25
PROP-11131,2139,4,4.0,3,Green Hills,31,2,0,1,10.3,7,949808.63
PROP-11132,2094,3,2.8,2,Downtown Metro,3,2,0,1,17.2,9,901644.26
PROP-11133,953,2,2.0,3,East Bay Outskirts,4,2,0,1,15.4,5,441221.91
PROP-11134,750,1,1.0,1,Suburban West,7,1,0,1,14.2,9,393363.48
PROP-11135,3085,3,2.8,1,Suburban West,8,2,0,1,13.0,6,802883.04
PROP-11136,3063,4,3.0,3,Green Hills,13,1,1,1,14.6,5,1118352.34
PROP-11137,2158,4,3.5,2,Suburban West,5,2,0,1,19.3,5,749440.27
PROP-11138,1259,3,2.2,2,Downtown Metro,22,2,0,1,10.4,6,670484.49
PROP-11139,750,2,1.5,1,Suburban West,43,3,0,1,6.4,5,377935.63
PROP-11140,1422,2,1.5,1,Downtown Metro,18,2,0,1,11.1,7,628235.93
PROP-11141,1082,1,1.2,1,Riverside Park,19,2,0,1,21.7,7,512195.83
PROP-11142,2272,3,2.2,1,Suburban West,2,2,0,1,11.9,8,725116.0
PROP-11143,2088,3,2.2,1,Green Hills,2,3,0,1,22.2,4,822934.11
PROP-11144,2426,3,2.8,2,Suburban West,32,2,0,1,9.5,9,730573.39
PROP-11145,1983,3,2.2,1,Metro Uptown,7,2,1,1,7.4,6,746152.52
PROP-11146,3286,4,3.5,2,Downtown Metro,4,1,1,1,25.7,6,1243491.41
PROP-11147,2635,4,4.0,2,Riverside Park,4,1,0,1,19.4,5,941627.27
PROP-11148,2425,3,2.2,1,Suburban West,4,2,0,1,22.1,7,712638.2
PROP-11149,2176,4,3.0,2,Metro Uptown,4,2,0,1,19.7,8,767920.52
PROP-11150,3114,4,3.0,3,Suburban West,14,2,0,1,4.7,6,912415.1
PROP-11151,3073,4,3.0,1,Suburban West,6,2,1,1,17.8,9,902852.11
PROP-11152,1371,3,2.2,1,Downtown Metro,1,1,0,1,16.9,7,675675.64
PROP-11153,2527,3,3.2,2,Downtown Metro,0,1,0,1,4.5,6,1061565.49
PROP-11154,1926,2,2.0,1,Green Hills,13,1,0,1,9.6,3,716394.41
PROP-11155,837,1,1.2,1,Suburban West,9,0,0,1,12.0,6,341681.94
PROP-11156,2438,4,4.0,1,Suburban West,3,2,0,1,9.1,7,785152.75
PROP-11157,2160,4,3.0,1,Suburban West,15,2,1,1,9.2,6,745356.06
PROP-11158,1508,3,2.8,3,Downtown Metro,18,1,0,1,6.9,8,774134.79
PROP-11159,2383,4,4.0,1,East Bay Outskirts,10,2,0,1,8.6,5,619451.98
PROP-11160,750,1,1.0,1,Suburban West,0,1,0,1,21.3,5,367591.2
PROP-11161,1490,2,2.0,1,East Bay Outskirts,1,1,0,1,19.7,7,374143.55
PROP-11162,2409,3,2.2,1,Green Hills,4,1,1,1,12.7,7,911112.35
PROP-11163,750,1,1.0,1,Suburban West,23,2,0,0,17.8,7,354953.8
PROP-11164,2178,3,3.2,1,Metro Uptown,4,1,1,1,8.3,6,777646.38
PROP-11165,2641,3,2.2,2,Metro Uptown,7,2,0,0,13.7,7,831960.91
PROP-11166,2499,3,2.8,1,Suburban West,0,2,0,1,9.4,8,779039.97
PROP-11167,2488,4,3.5,2,Riverside Park,12,2,0,1,9.3,7,902568.87
PROP-11168,1055,2,1.5,2,Green Hills,7,2,0,1,20.1,7,613096.96
PROP-11169,2738,4,3.5,3,Suburban West,6,2,0,1,18.9,8,826076.75
PROP-11170,2535,3,3.2,2,Metro Uptown,3,1,0,0,4.9,8,851429.41
PROP-11171,1571,2,1.5,2,Metro Uptown,0,1,0,1,15.5,8,629989.92
PROP-11172,1985,3,2.8,1,Downtown Metro,55,2,0,1,14.6,9,813202.79
PROP-11173,1995,2,2.0,1,Suburban West,4,0,0,1,2.1,9,591038.76
PROP-11174,3659,6,4.5,2,Green Hills,13,3,0,1,11.5,6,1330610.43
PROP-11175,1308,3,2.8,2,Downtown Metro,0,2,1,1,10.2,6,770736.65
PROP-11176,1337,2,1.5,2,Metro Uptown,2,2,0,1,16.7,6,583911.84
PROP-11177,2243,4,3.5,1,Green Hills,27,1,1,1,20.9,5,905281.35
PROP-11178,2890,4,4.0,1,Green Hills,17,2,0,1,7.5,3,1036067.51
PROP-11179,1443,3,3.2,2,Green Hills,14,0,1,1,16.6,7,731953.17
PROP-11180,1867,2,2.0,1,Suburban West,18,0,1,1,22.7,10,601238.74
PROP-11181,1864,2,1.5,1,Suburban West,12,1,1,1,1.0,7,601565.45
PROP-11182,1294,3,2.2,1,Metro Uptown,26,2,1,1,13.6,8,615043.76
PROP-11183,2521,3,2.8,1,Downtown Metro,19,2,1,1,20.5,5,986883.17
PROP-11184,2803,4,4.0,1,Suburban West,6,2,0,1,18.3,3,824894.21
PROP-11185,1893,2,1.5,2,Green Hills,48,2,0,1,20.1,8,721920.85
PROP-11186,1870,2,1.5,2,Riverside Park,33,2,0,0,1.0,6,671861.77
PROP-11187,2231,3,2.8,2,Suburban West,11,2,0,1,19.6,7,688533.32
PROP-11188,2472,4,3.0,1,Green Hills,0,2,0,1,25.1,5,952086.57
PROP-11189,2122,3,2.2,1,Downtown Metro,6,2,1,1,20.8,4,881636.73
PROP-11190,1677,2,2.0,1,Riverside Park,2,2,1,1,7.4,6,742334.67
PROP-11191,1357,3,2.8,2,Downtown Metro,42,1,0,1,26.9,6,594423.88
PROP-11192,1537,2,2.0,2,Green Hills,18,2,0,1,11.1,5,707319.43
PROP-11193,2209,4,3.0,1,Green Hills,22,2,0,1,15.1,9,910572.79
PROP-11194,2748,3,2.8,2,Green Hills,55,2,0,1,10.4,8,968763.85
PROP-11195,2821,4,4.0,1,Suburban West,8,2,1,1,2.9,6,893205.11
PROP-11196,1977,3,3.2,1,Suburban West,4,3,1,1,22.2,6,698972.06
PROP-11197,2664,3,2.8,1,Downtown Metro,7,3,0,1,8.1,6,1040429.85
PROP-11198,3168,4,3.5,1,Suburban West,14,0,0,1,6.9,8,848756.53
PROP-11199,1753,3,3.2,1,Metro Uptown,25,0,0,1,18.1,8,640007.46
PROP-11200,1945,3,2.2,2,East Bay Outskirts,11,0,0,1,9.9,7,530220.02
PROP-11201,853,1,1.0,1,Suburban West,3,2,0,0,12.3,9,462419.35
PROP-11202,1679,3,2.2,1,Downtown Metro,21,0,1,0,20.2,10,742030.67
PROP-11203,2623,4,4.0,1,Green Hills,10,1,0,1,7.9,5,952888.14
PROP-11204,2457,4,3.0,2,Suburban West,15,0,0,0,13.9,9,718546.2
PROP-11205,2675,4,3.5,1,Green Hills,1,0,0,1,11.2,6,991331.01
PROP-11206,2466,4,3.5,1,Downtown Metro,6,0,0,1,5.7,7,1006705.34
PROP-11207,1386,2,2.0,1,Downtown Metro,4,1,0,1,17.5,6,680039.01
PROP-11208,1870,2,1.5,2,Green Hills,2,1,0,1,14.7,4,789613.07
PROP-11209,1865,2,2.0,2,Suburban West,6,2,0,1,10.8,7,656517.1
PROP-11210,1510,3,2.2,1,Downtown Metro,19,1,0,1,6.2,7,739985.93
PROP-11211,2629,4,3.5,3,Metro Uptown,5,1,0,1,12.5,8,913378.84
PROP-11212,1279,3,2.2,3,Downtown Metro,3,1,1,1,11.2,7,722419.19
PROP-11213,2178,3,2.8,1,Downtown Metro,24,3,1,1,13.9,6,926943.62
PROP-11214,750,2,1.5,1,Riverside Park,1,1,0,1,24.2,5,430199.48
PROP-11215,2585,3,2.8,3,Riverside Park,0,2,1,1,6.5,6,946240.37
PROP-11216,2007,3,2.2,1,Riverside Park,3,1,1,1,9.4,6,781355.4
PROP-11217,2667,3,2.8,1,East Bay Outskirts,4,2,1,1,16.5,6,642115.65
PROP-11218,1875,2,1.5,1,Downtown Metro,32,0,0,0,17.6,5,655413.95
PROP-11219,2032,3,2.8,1,Green Hills,4,2,0,1,18.6,9,861826.92
PROP-11220,1922,2,1.5,2,East Bay Outskirts,21,2,0,0,7.8,9,510501.3
PROP-11221,2736,3,2.8,2,Suburban West,7,2,1,0,5.3,7,852830.17
PROP-11222,2077,4,3.0,1,Riverside Park,16,3,1,1,19.4,3,825756.51
PROP-11223,2922,3,2.8,1,East Bay Outskirts,50,2,1,0,7.5,9,674896.75
PROP-11224,2048,3,2.8,1,Riverside Park,0,1,0,1,3.4,7,777541.59
PROP-11225,2142,4,3.0,1,East Bay Outskirts,24,2,0,1,15.6,8,569652.06
PROP-11226,2431,3,2.8,2,Suburban West,7,2,0,1,10.5,9,739953.35
PROP-11227,2300,4,3.5,2,East Bay Outskirts,14,2,1,1,5.6,6,680367.77
PROP-11228,2058,4,3.0,1,Green Hills,1,0,0,1,12.1,7,857304.14
PROP-11229,2216,3,2.2,3,Green Hills,21,2,0,1,8.0,7,892844.0
PROP-11230,3274,4,4.0,3,Green Hills,10,1,0,1,17.5,6,1144887.28
PROP-11231,1925,3,2.2,1,Suburban West,7,1,0,1,1.0,6,649671.86
PROP-11232,2580,4,3.0,1,Green Hills,10,2,1,1,9.4,7,1051197.45
PROP-11233,750,2,2.5,1,Riverside Park,9,1,1,1,7.2,5,527422.32
PROP-11234,1468,3,3.2,2,Riverside Park,12,1,0,1,20.7,6,647152.75
PROP-11235,2281,4,3.5,1,Green Hills,8,2,0,1,4.1,10,966271.62
PROP-11236,2792,4,4.0,1,Downtown Metro,12,2,0,1,15.0,4,1056500.45
PROP-11237,1370,3,2.8,2,Downtown Metro,12,0,1,1,19.2,7,708644.64
PROP-11238,2257,4,3.5,2,Riverside Park,3,3,1,0,9.3,6,939219.19
PROP-11239,2279,3,2.2,1,Riverside Park,5,2,0,1,12.1,6,844145.7
PROP-11240,1730,3,2.2,3,Green Hills,1,2,0,0,12.6,5,799687.39
PROP-11241,1496,3,2.2,2,Riverside Park,10,2,0,1,13.3,3,681614.42
PROP-11242,2972,3,2.2,1,Green Hills,1,1,0,1,19.1,6,1009649.75
PROP-11243,1827,3,3.2,2,Downtown Metro,3,2,1,1,22.8,5,880467.86
PROP-11244,2336,4,3.5,1,Green Hills,3,2,0,1,13.4,8,951363.36
PROP-11245,1251,3,3.2,2,Metro Uptown,0,0,0,1,11.6,7,601842.6
PROP-11246,1381,3,2.8,2,Green Hills,8,2,0,1,8.0,9,793544.23
PROP-11247,1893,3,2.8,3,Green Hills,0,1,0,1,6.5,9,860356.15
PROP-11248,2790,4,4.0,2,Green Hills,35,1,0,0,13.9,7,991972.27
PROP-11249,3049,4,3.5,3,Green Hills,6,1,0,1,16.9,8,1126268.11
PROP-11250,750,1,1.2,1,Green Hills,1,2,0,1,14.6,7,516286.34
PROP-11251,922,2,1.5,1,Downtown Metro,29,1,0,1,18.5,5,491010.62
PROP-11252,2234,4,3.0,1,Suburban West,1,1,0,1,8.8,8,735859.79
PROP-11253,2587,3,3.2,1,Downtown Metro,0,2,0,0,27.1,5,941690.7
PROP-11254,1932,3,2.2,3,Suburban West,0,3,0,1,5.3,4,638707.11
PROP-11255,1978,2,1.5,3,Metro Uptown,5,2,0,1,14.8,3,696827.59
PROP-11256,3155,3,2.8,1,East Bay Outskirts,4,2,0,1,16.8,8,683193.34
PROP-11257,1064,2,2.0,1,Suburban West,5,2,0,1,16.9,5,492480.25
PROP-11258,1693,3,2.2,3,Green Hills,26,2,1,1,9.6,6,802403.9
PROP-11259,1595,3,2.2,2,Downtown Metro,2,2,0,0,17.4,5,731942.46
PROP-11260,1659,3,2.2,1,Riverside Park,25,1,0,1,5.3,9,639688.14
PROP-11261,807,2,2.5,2,Green Hills,55,1,0,1,5.6,4,454662.24
PROP-11262,864,1,1.0,2,Downtown Metro,5,2,0,1,7.8,6,504109.94
PROP-11263,1350,2,2.5,1,Suburban West,14,2,1,1,8.8,8,580738.16
PROP-11264,2513,3,2.8,2,Riverside Park,8,2,0,1,15.2,8,930042.43
PROP-11265,1940,3,2.8,1,Green Hills,14,2,0,1,5.6,7,873435.75
PROP-11266,2320,3,2.2,1,Riverside Park,2,1,0,1,12.6,6,824861.24
PROP-11267,3061,4,3.0,2,Suburban West,20,2,1,1,13.4,10,923963.87
PROP-11268,1441,2,2.5,2,East Bay Outskirts,1,3,0,1,5.3,7,508023.63
PROP-11269,3510,5,3.8,2,Riverside Park,2,1,0,1,15.6,9,1142572.88
PROP-11270,3473,4,3.0,2,Riverside Park,15,2,0,1,7.6,7,1108130.83
PROP-11271,3623,6,4.5,2,Green Hills,6,2,0,0,19.1,4,1259918.07
PROP-11272,1920,3,2.8,2,Green Hills,8,3,0,1,11.7,9,878109.95
PROP-11273,1678,3,2.2,1,Suburban West,7,2,1,0,9.8,8,628291.04
PROP-11274,2685,3,2.2,3,Suburban West,44,1,0,1,9.6,8,718001.27
PROP-11275,4054,4,3.0,1,Metro Uptown,21,1,1,1,15.4,6,1095618.03
PROP-11276,2346,3,2.8,1,Suburban West,55,2,0,1,15.7,4,636619.51
PROP-11277,2609,4,3.0,2,Downtown Metro,4,1,0,1,11.5,6,1094655.11
PROP-11278,2867,3,2.8,2,Riverside Park,17,2,0,0,8.4,7,921551.7
PROP-11279,2201,3,2.8,1,Riverside Park,10,3,1,1,14.5,5,841093.38
PROP-11280,891,1,1.2,2,Green Hills,19,2,0,0,9.0,7,557394.97
PROP-11281,2799,4,3.5,2,Suburban West,26,2,0,1,14.7,7,773008.73
PROP-11282,2278,3,2.8,2,Metro Uptown,3,2,0,1,11.0,8,809490.06
PROP-11283,1654,3,2.2,2,Suburban West,24,1,0,1,12.6,7,595892.68
PROP-11284,2348,4,3.5,1,Metro Uptown,15,3,0,1,17.1,5,764939.81
PROP-11285,750,1,1.0,2,Downtown Metro,31,3,0,0,5.8,5,453801.58
PROP-11286,2213,4,3.5,2,Downtown Metro,32,3,0,1,18.0,6,926889.95
PROP-11287,2564,3,2.8,1,Riverside Park,6,0,0,1,14.2,7,824701.21
PROP-11288,2170,3,2.8,1,Green Hills,1,2,0,0,6.2,9,914757.82
PROP-11289,2323,4,3.0,2,Riverside Park,35,2,1,1,6.4,9,931318.79
PROP-11290,1294,2,2.5,1,Metro Uptown,18,3,0,1,19.6,6,575768.76
PROP-11291,1390,3,2.2,2,Suburban West,25,1,0,1,7.1,8,545205.26
PROP-11292,2197,4,3.0,1,Downtown Metro,3,1,0,1,19.5,8,951243.45
PROP-11293,2433,4,3.0,1,Suburban West,14,2,0,1,12.1,8,785401.5
PROP-11294,2540,4,3.0,1,Downtown Metro,8,1,0,1,11.4,6,988962.12
PROP-11295,2459,3,2.2,2,Metro Uptown,8,1,1,1,13.5,5,820773.47
PROP-11296,1783,3,2.2,1,Riverside Park,0,2,0,1,22.3,6,685005.51
PROP-11297,2535,3,2.8,1,Green Hills,6,2,0,1,10.3,6,944185.85
PROP-11298,2307,4,4.0,2,East Bay Outskirts,2,1,1,1,8.5,9,726215.82
PROP-11299,2833,4,3.5,1,Riverside Park,20,2,0,1,15.5,7,960523.99
PROP-11300,1299,3,2.2,2,Downtown Metro,23,1,1,1,16.9,5,640919.4
PROP-11301,3878,4,3.0,1,Metro Uptown,11,2,0,1,3.4,8,1137287.12
PROP-11302,2797,4,3.0,1,Metro Uptown,40,2,1,1,11.8,5,872707.24
PROP-11303,2336,4,3.0,1,Green Hills,9,0,1,1,9.3,7,952683.87
PROP-11304,2278,3,2.2,2,Riverside Park,9,2,0,1,1.0,7,868929.63
PROP-11305,1135,2,1.5,2,Suburban West,12,3,0,1,13.2,5,488086.76
PROP-11306,2159,3,2.2,3,Green Hills,19,0,0,1,9.5,7,867425.9
PROP-11307,1874,3,2.8,1,Suburban West,12,1,0,1,18.3,7,611402.74
PROP-11308,1622,3,2.8,2,Suburban West,23,1,0,1,14.2,7,556396.29
PROP-11309,2671,4,3.5,1,East Bay Outskirts,6,0,1,1,10.0,4,693627.55
PROP-11310,2714,4,3.5,2,Downtown Metro,20,2,0,1,18.1,5,1071731.55
PROP-11311,2406,3,2.2,2,Downtown Metro,2,2,0,1,1.7,6,966954.92
PROP-11312,2549,3,2.8,1,Suburban West,55,3,0,1,16.5,8,714631.32
PROP-11313,2221,4,3.5,2,Riverside Park,19,1,0,1,15.5,2,797976.45
PROP-11314,3034,3,2.8,2,East Bay Outskirts,17,1,0,1,15.5,8,678701.15
PROP-11315,2157,4,3.5,1,Metro Uptown,8,1,0,1,12.7,4,733139.56
PROP-11316,1756,2,1.5,1,Riverside Park,7,3,0,1,25.3,8,671778.84
PROP-11317,1356,3,2.2,2,Green Hills,1,2,0,1,11.6,4,668562.45
PROP-11318,3350,4,3.5,2,Downtown Metro,20,1,0,0,29.9,5,1160578.35
PROP-11319,2364,3,2.2,2,Downtown Metro,38,2,1,1,18.5,9,950149.15
PROP-11320,2264,4,3.5,2,Suburban West,22,2,0,1,7.5,7,724953.21
PROP-11321,2172,4,3.0,2,Green Hills,25,3,0,1,3.2,4,885310.84
PROP-11322,2706,3,2.8,1,Suburban West,34,1,0,1,17.2,6,658451.35
PROP-11323,2201,3,2.2,1,Suburban West,10,2,0,1,19.4,4,611079.92
PROP-11324,1719,3,2.8,1,Green Hills,19,2,0,1,18.8,7,748014.72
PROP-11325,2798,4,3.5,2,Suburban West,8,2,0,0,14.2,7,810400.43
PROP-11326,2577,4,3.5,2,Downtown Metro,10,2,0,1,2.7,6,1080089.2
PROP-11327,2152,4,3.5,1,Green Hills,23,1,0,1,9.5,8,907555.37
PROP-11328,1897,3,2.2,2,Riverside Park,15,0,1,1,2.7,5,765084.88
PROP-11329,1115,1,1.2,2,Green Hills,12,1,1,1,8.1,5,616169.88
PROP-11330,1371,3,2.2,2,Green Hills,50,1,0,1,17.9,7,577223.22
PROP-11331,2551,3,2.8,1,Green Hills,21,2,1,1,20.4,7,959737.8
PROP-11332,1447,3,2.8,2,Green Hills,1,2,0,1,15.0,7,706802.57
PROP-11333,1049,1,1.0,1,Downtown Metro,1,3,0,1,11.4,10,630867.22
PROP-11334,1769,3,2.2,1,East Bay Outskirts,2,0,1,1,7.2,6,530610.91
PROP-11335,750,2,1.5,3,Downtown Metro,11,2,1,1,9.5,6,566500.44
PROP-11336,775,1,1.8,1,Downtown Metro,11,0,0,1,13.4,6,469965.02
PROP-11337,1443,2,2.0,1,Downtown Metro,9,2,0,0,10.5,6,698531.19
PROP-11338,1067,1,1.0,2,Suburban West,17,1,0,1,5.7,5,423166.47
PROP-11339,1859,3,3.2,3,Metro Uptown,39,0,1,0,1.4,7,658303.85
PROP-11340,1824,3,2.2,1,Suburban West,38,0,0,1,27.1,10,529539.97
PROP-11341,1660,3,2.8,3,Downtown Metro,20,2,1,1,11.5,10,883045.58
PROP-11342,1890,3,2.8,3,Suburban West,32,2,0,1,15.0,8,634246.05
PROP-11343,2354,4,3.5,3,East Bay Outskirts,9,2,1,1,1.0,7,752485.29
PROP-11344,1987,3,3.2,1,Suburban West,6,1,0,1,7.2,9,719892.06
PROP-11345,2311,4,3.5,2,Suburban West,22,2,1,1,9.9,5,770421.57
PROP-11346,2156,3,2.2,2,Suburban West,5,1,0,1,23.0,9,638334.39
PROP-11347,1716,2,2.0,2,Green Hills,3,0,1,1,16.7,9,747913.82
PROP-11348,1884,2,1.5,2,Downtown Metro,8,2,0,1,12.5,6,821556.07
PROP-11349,1396,3,3.2,1,Riverside Park,0,2,1,1,1.2,2,679597.89
PROP-11350,3546,6,5.0,2,Suburban West,9,2,0,1,17.6,9,1035254.71
PROP-11351,750,1,1.8,2,Green Hills,1,2,0,1,14.4,5,508609.53
PROP-11352,1867,3,2.2,3,Suburban West,1,3,0,1,15.2,5,670108.27
PROP-11353,3147,4,3.0,2,Suburban West,18,0,0,1,30.3,6,786730.04
PROP-11354,2189,4,3.5,1,Suburban West,13,3,0,1,1.6,8,790967.0
PROP-11355,2506,3,2.2,2,Green Hills,1,2,0,1,10.9,6,961523.41
PROP-11356,1857,3,2.8,1,Green Hills,31,0,0,1,21.1,7,744472.11
PROP-11357,1245,2,1.5,2,Green Hills,34,1,0,1,4.9,7,606927.2
PROP-11358,2240,4,3.0,2,Downtown Metro,2,2,0,1,5.6,6,1017204.19
PROP-11359,1634,2,2.0,2,Green Hills,6,0,1,1,2.5,6,739617.62
PROP-11360,2570,3,2.2,1,Riverside Park,19,2,0,1,2.3,8,906580.75
PROP-11361,1347,2,1.5,2,Green Hills,7,2,0,1,14.5,5,639006.92
PROP-11362,2692,3,2.2,2,East Bay Outskirts,1,2,0,0,15.6,5,600160.17
PROP-11363,1253,2,2.5,2,Downtown Metro,7,2,1,0,16.5,10,692766.49
PROP-11364,1170,2,1.5,1,Green Hills,31,1,0,1,11.3,5,556621.28
PROP-11365,2847,3,2.8,1,Suburban West,16,2,0,1,14.7,6,763676.41
PROP-11366,1327,2,1.5,2,Green Hills,8,1,0,1,16.7,8,667456.99
PROP-11367,2020,3,2.2,2,Metro Uptown,20,3,0,1,2.5,10,789686.65
PROP-11368,2610,3,2.2,1,Suburban West,23,0,0,1,12.9,3,659062.54
PROP-11369,2808,4,3.0,1,Downtown Metro,10,1,0,1,7.0,10,1091874.91
PROP-11370,816,1,1.2,2,Green Hills,6,2,1,1,14.7,7,552383.42
PROP-11371,2183,3,2.2,1,Downtown Metro,35,0,0,1,19.0,5,738178.05
PROP-11372,1289,2,2.0,3,Suburban West,1,1,0,1,11.7,8,533684.59
PROP-11373,2213,4,3.0,2,Downtown Metro,2,0,0,1,16.6,7,949771.05
PROP-11374,2574,3,3.2,2,Suburban West,15,1,0,1,19.4,4,688595.71
PROP-11375,958,1,1.2,2,Suburban West,1,1,1,1,23.3,7,439254.3
PROP-11376,2132,3,2.8,2,Downtown Metro,27,1,0,1,11.4,7,851539.69
PROP-11377,2343,3,2.8,1,Downtown Metro,8,2,0,1,22.7,5,921959.2
PROP-11378,750,2,2.0,1,Riverside Park,5,3,0,1,5.1,8,585805.74
PROP-11379,2787,4,3.5,1,Riverside Park,9,2,1,1,19.1,8,1000152.19
PROP-11380,2503,4,3.5,2,Suburban West,3,3,0,1,6.4,6,821975.63
PROP-11381,2781,4,3.5,2,Suburban West,9,2,1,1,6.5,10,915994.84
PROP-11382,2663,4,3.0,2,Riverside Park,20,2,0,1,8.9,6,927916.85
PROP-11383,2756,3,2.2,3,Metro Uptown,2,2,1,1,15.2,7,900243.88
PROP-11384,897,1,1.0,2,Metro Uptown,30,3,0,1,3.0,8,454170.03
PROP-11385,2379,3,2.2,2,Suburban West,5,2,0,1,19.0,6,734516.67
PROP-11386,1707,2,2.5,2,Green Hills,2,1,0,1,4.5,7,762620.83
PROP-11387,2069,4,3.0,1,Downtown Metro,8,1,0,0,9.8,7,863130.7
PROP-11388,2039,4,3.5,2,Green Hills,30,3,0,1,7.3,5,868219.97
PROP-11389,2142,4,3.0,1,Riverside Park,7,2,0,1,13.6,7,830748.41
PROP-11390,2902,3,2.2,1,Green Hills,19,1,0,1,6.9,7,1002066.26
PROP-11391,1809,3,2.8,1,Suburban West,5,2,0,1,7.0,8,674473.45
PROP-11392,2366,4,3.0,1,Riverside Park,17,3,0,0,12.3,5,821614.61
PROP-11393,2689,3,2.2,1,Riverside Park,5,0,0,1,10.4,9,868837.69
PROP-11394,2444,4,3.5,2,Green Hills,16,2,1,1,3.5,7,1024743.28
PROP-11395,2417,4,3.0,1,Suburban West,0,2,0,1,22.9,6,740380.24
PROP-11396,1514,3,2.8,2,Downtown Metro,2,2,0,1,21.1,6,759404.72
PROP-11397,3188,3,2.2,2,Green Hills,5,1,0,1,15.9,4,1070630.29
PROP-11398,1955,3,2.2,2,Downtown Metro,1,1,0,0,9.2,6,872674.84
PROP-11399,2861,3,2.2,1,Metro Uptown,1,3,0,1,7.9,7,959657.22
PROP-11400,1469,3,2.8,2,Downtown Metro,17,2,0,1,15.0,7,711009.26
PROP-11401,1740,3,2.8,1,Metro Uptown,38,2,0,1,12.9,7,655552.36
PROP-11402,2650,3,2.2,2,Downtown Metro,8,2,0,1,20.5,4,972557.54
PROP-11403,2081,3,3.2,2,Green Hills,0,3,0,1,19.3,8,887612.05
PROP-11404,1611,2,2.0,1,Riverside Park,1,2,0,1,7.4,5,635776.66
PROP-11405,1807,3,2.8,2,Green Hills,24,2,0,1,4.9,8,832087.36
PROP-11406,1530,3,2.8,3,East Bay Outskirts,0,2,0,1,7.0,5,525989.14
PROP-11407,1370,3,2.8,2,Green Hills,15,3,0,1,5.0,7,776265.13
PROP-11408,1808,2,2.5,2,Riverside Park,7,2,0,0,13.5,8,748443.79
PROP-11409,1467,3,2.2,1,Downtown Metro,26,0,1,1,11.8,7,699170.37
PROP-11410,1848,3,2.2,3,Downtown Metro,44,3,1,1,18.4,8,822103.35
PROP-11411,2203,3,2.8,2,Riverside Park,3,1,0,1,15.5,5,795573.7
PROP-11412,2677,3,2.2,2,East Bay Outskirts,9,2,0,1,17.7,6,634718.04
PROP-11413,1235,3,2.2,2,Green Hills,16,0,1,1,11.0,8,655075.46
PROP-11414,1409,3,2.8,1,Suburban West,7,2,0,1,12.5,5,541561.61
PROP-11415,2001,3,3.2,2,Suburban West,12,1,0,1,19.6,7,657189.66
PROP-11416,1239,2,2.0,2,Suburban West,32,1,0,1,11.5,8,471590.49
PROP-11417,2413,3,2.8,1,East Bay Outskirts,14,2,0,1,7.7,6,589056.53
PROP-11418,2780,4,3.5,1,Suburban West,18,1,0,1,12.0,6,770500.93
PROP-11419,2085,4,3.0,1,Suburban West,10,2,0,1,13.9,4,659075.4
PROP-11420,1305,3,2.2,2,Riverside Park,22,3,0,1,12.7,9,635624.81
PROP-11421,2914,3,3.2,2,Suburban West,10,2,0,1,11.3,7,812837.83
PROP-11422,1580,2,1.5,2,Riverside Park,20,2,0,1,14.4,6,614623.12
PROP-11423,1636,3,2.8,2,Downtown Metro,2,1,0,1,15.5,6,778624.34
PROP-11424,2954,3,2.2,1,Riverside Park,6,2,0,1,17.3,5,954624.04
PROP-11425,1513,3,2.2,2,Green Hills,26,1,1,1,13.2,4,739432.12
PROP-11426,2062,4,3.0,1,Riverside Park,14,2,0,1,27.4,6,763380.54
PROP-11427,2432,3,2.8,2,East Bay Outskirts,5,2,0,1,13.9,7,639122.03
PROP-11428,2112,3,2.8,2,Metro Uptown,4,2,0,1,21.0,5,715708.5
PROP-11429,2615,4,3.5,2,East Bay Outskirts,13,3,0,1,16.5,8,645486.94
PROP-11430,3686,6,5.5,3,Downtown Metro,6,3,0,1,17.4,7,1392348.42
PROP-11431,2245,4,3.0,2,East Bay Outskirts,14,0,0,1,14.5,6,575417.65
PROP-11432,2644,4,3.5,2,Suburban West,9,1,1,1,1.0,8,847437.85
PROP-11433,1844,3,2.2,1,Green Hills,6,2,1,1,17.9,8,856272.96
PROP-11434,2354,3,2.2,3,East Bay Outskirts,39,2,1,1,23.3,7,546330.42
PROP-11435,2367,4,3.5,2,Metro Uptown,9,1,1,1,18.5,3,814415.95
PROP-11436,1422,3,2.2,2,Riverside Park,5,1,0,1,9.9,6,633695.98
PROP-11437,1871,2,2.5,2,Suburban West,14,1,0,1,3.3,9,649950.38
PROP-11438,937,2,1.5,2,Riverside Park,24,2,0,1,16.6,7,496496.62
PROP-11439,1514,3,3.2,1,Metro Uptown,13,2,0,1,14.9,7,618512.25
PROP-11440,2157,4,3.0,1,Riverside Park,4,2,1,1,15.0,7,881028.12
PROP-11441,2140,3,2.2,1,Green Hills,3,0,1,1,7.8,8,884234.6
PROP-11442,3168,4,4.0,2,Riverside Park,33,2,0,1,17.7,8,1030382.56
PROP-11443,2535,3,3.2,3,Downtown Metro,32,2,0,1,11.7,8,1026637.33
PROP-11444,750,2,1.5,3,East Bay Outskirts,5,2,0,1,7.0,5,386291.21
PROP-11445,1884,2,2.0,1,Green Hills,32,3,0,1,12.2,6,751127.27
PROP-11446,3340,4,3.5,2,Downtown Metro,6,2,1,0,5.1,6,1226793.64
PROP-11447,889,2,2.0,2,Suburban West,1,2,0,1,14.9,7,487371.28
PROP-11448,3022,4,3.5,1,Downtown Metro,9,2,1,1,11.0,7,1228448.41
PROP-11449,2134,4,3.0,1,Green Hills,17,0,0,1,20.7,7,862782.6
PROP-11450,1240,3,2.2,2,Downtown Metro,3,2,0,1,23.1,7,655091.33
PROP-11451,2023,4,3.0,3,Riverside Park,0,2,0,1,7.4,7,875901.53
PROP-11452,2043,4,3.0,2,Green Hills,15,1,0,1,17.8,5,823101.82
PROP-11453,2275,3,2.8,1,Downtown Metro,17,2,0,1,3.7,9,973604.6
PROP-11454,2056,3,2.8,2,Green Hills,29,1,0,0,13.2,6,789851.57
PROP-11455,2957,3,2.2,1,Metro Uptown,7,2,0,1,13.1,6,914899.18
PROP-11456,1600,2,2.0,2,Riverside Park,7,0,0,1,14.9,5,618539.26
PROP-11457,2281,4,3.0,2,Downtown Metro,3,2,0,0,17.9,7,965897.34
PROP-11458,1309,3,2.8,2,East Bay Outskirts,38,0,0,1,5.3,7,381124.79
PROP-11459,1934,3,2.2,1,Suburban West,2,0,1,1,10.2,7,654859.18
PROP-11460,2300,4,4.0,1,Riverside Park,0,1,0,1,16.7,5,853811.77
PROP-11461,807,1,1.0,2,Downtown Metro,41,0,0,1,8.5,9,445667.86
PROP-11462,1601,3,2.8,2,Green Hills,0,2,0,1,14.2,4,769680.82
PROP-11463,1553,3,3.2,1,Riverside Park,13,1,0,1,14.0,6,667356.99
PROP-11464,2159,3,2.8,1,East Bay Outskirts,6,2,0,1,26.6,9,575276.03
PROP-11465,2625,3,3.2,1,Downtown Metro,4,2,0,1,13.4,8,1005344.39
PROP-11466,2811,4,3.0,1,Green Hills,5,3,0,1,19.4,10,1078108.23
PROP-11467,1532,2,1.5,1,Downtown Metro,15,2,0,1,6.2,8,729152.38
PROP-11468,1709,3,2.8,3,Downtown Metro,4,2,0,1,11.4,6,821410.91
PROP-11469,3013,3,3.2,3,Riverside Park,37,2,1,1,13.5,8,991398.41
PROP-11470,2168,3,2.8,3,Riverside Park,2,1,0,1,14.4,9,836989.21
PROP-11471,2122,4,3.0,2,East Bay Outskirts,15,1,0,1,14.0,6,588457.7
PROP-11472,1862,3,2.8,3,Suburban West,5,1,0,1,9.6,8,651368.36
PROP-11473,1775,3,2.8,2,Green Hills,11,1,1,1,6.3,10,877347.34
PROP-11474,2997,3,2.2,2,East Bay Outskirts,2,1,1,0,15.3,6,681250.15
PROP-11475,2667,4,3.0,3,Metro Uptown,0,1,0,1,19.9,7,892762.11
PROP-11476,1072,2,2.0,2,Downtown Metro,18,2,0,1,2.0,7,638021.34
PROP-11477,2144,4,3.0,2,Riverside Park,21,2,1,1,5.3,7,917993.43
PROP-11478,2964,3,2.2,1,Green Hills,7,3,0,1,14.6,8,1058467.15
PROP-11479,1612,2,1.5,2,Green Hills,13,3,0,1,13.0,10,766505.5
PROP-11480,2973,4,3.5,2,Suburban West,3,2,0,1,12.2,6,852926.42
PROP-11481,2477,4,3.0,1,Metro Uptown,0,2,0,1,16.7,5,792939.59
PROP-11482,2086,4,3.0,2,East Bay Outskirts,18,2,0,1,12.3,8,579395.63
PROP-11483,2885,4,3.0,2,Suburban West,8,2,1,1,13.3,7,857543.58
PROP-11484,3067,4,3.0,1,East Bay Outskirts,19,2,0,1,15.2,6,709430.54
PROP-11485,2196,3,2.8,1,Downtown Metro,10,1,0,1,1.3,8,917249.38
PROP-11486,2502,3,3.2,1,Green Hills,10,2,0,1,13.8,9,947134.18
PROP-11487,1977,3,2.2,2,East Bay Outskirts,8,0,0,1,8.9,10,560016.59
PROP-11488,1671,3,3.2,2,Downtown Metro,3,1,0,1,8.0,3,747926.16
PROP-11489,2021,3,2.2,1,Suburban West,6,2,0,1,11.8,6,667514.5
PROP-11490,1078,1,1.0,3,Metro Uptown,2,1,0,0,2.9,8,505891.47
PROP-11491,2377,4,3.0,1,Green Hills,53,1,0,1,7.3,6,878418.13
PROP-11492,2441,4,3.0,2,Suburban West,2,2,0,1,10.8,7,787940.93
PROP-11493,2414,3,3.2,2,East Bay Outskirts,17,2,1,0,23.0,8,605121.32
PROP-11494,1606,2,2.0,2,Metro Uptown,14,1,1,1,22.8,6,626514.04
PROP-11495,750,2,1.5,1,Green Hills,39,2,0,1,24.3,5,480838.52
PROP-11496,2525,3,3.2,1,Metro Uptown,40,2,0,0,21.2,5,757923.62
PROP-11497,1773,3,2.2,2,Green Hills,1,2,0,1,6.4,6,838546.45
PROP-11498,2335,3,2.2,1,Riverside Park,19,2,0,1,4.5,7,827859.15
PROP-11499,2256,4,3.5,1,Metro Uptown,2,0,0,1,17.8,8,803708.55
PROP-11500,2198,4,4.0,1,Green Hills,34,1,0,1,8.4,7,877357.26
PROP-11501,2406,3,2.8,2,Riverside Park,22,2,0,1,5.5,6,841617.18
PROP-11502,2964,4,3.0,1,Green Hills,36,2,0,1,19.2,6,995947.63
PROP-11503,1648,3,2.8,2,Suburban West,17,3,0,1,7.8,5,625405.54
PROP-11504,3474,4,3.5,2,Green Hills,8,2,1,1,11.4,9,1288384.13
PROP-11505,2116,4,4.0,2,Suburban West,16,2,0,1,12.2,7,772263.84
PROP-11506,2622,4,3.0,2,Downtown Metro,9,1,1,1,3.9,7,1074431.43
PROP-11507,2537,4,3.0,2,Riverside Park,17,2,0,1,5.6,7,933833.17
PROP-11508,1604,3,2.2,1,Green Hills,9,0,0,1,12.1,4,690012.86
PROP-11509,1024,2,1.5,1,Suburban West,21,2,0,1,9.8,2,400029.41
PROP-11510,4451,5,4.2,1,Green Hills,8,1,0,1,12.3,7,1425756.84
PROP-11511,2392,3,2.2,2,Metro Uptown,55,1,0,1,13.1,5,707612.51
PROP-11512,1469,2,1.5,1,Riverside Park,21,1,1,1,5.3,7,686821.65
PROP-11513,769,2,1.5,2,Green Hills,4,0,0,1,13.8,6,503728.13
PROP-11514,1533,3,2.2,1,Metro Uptown,14,2,0,1,14.1,6,630208.98
PROP-11515,2132,4,3.0,2,East Bay Outskirts,14,0,0,1,7.8,6,578810.73
PROP-11516,2876,4,3.0,2,Suburban West,10,1,1,1,8.2,10,882758.82
PROP-11517,2483,4,3.5,1,Green Hills,11,3,0,1,11.3,3,970607.32
PROP-11518,3145,4,3.5,1,Downtown Metro,2,0,0,1,14.7,4,1103318.15
PROP-11519,957,2,1.5,2,Downtown Metro,46,2,0,1,13.9,8,541017.41
PROP-11520,3539,5,4.2,1,Green Hills,6,2,0,1,16.1,6,1204573.89
PROP-11521,2679,3,2.8,2,Suburban West,55,2,0,1,17.9,6,695172.44
PROP-11522,1562,3,3.2,1,Downtown Metro,3,0,0,0,18.0,6,685746.77
PROP-11523,2632,4,3.5,1,Green Hills,18,1,0,1,14.9,5,940854.26
PROP-11524,1958,2,2.0,2,Metro Uptown,0,2,1,1,16.7,8,730567.11
PROP-11525,2704,3,2.8,2,Green Hills,6,1,0,1,16.4,9,945217.17
PROP-11526,2104,3,2.8,3,Green Hills,13,2,0,1,5.0,7,906981.24
PROP-11527,4539,4,3.5,3,Suburban West,2,0,0,1,14.5,9,1135175.77
PROP-11528,2292,4,3.5,2,Green Hills,0,1,0,1,20.4,7,952148.76
PROP-11529,1347,3,2.2,2,Metro Uptown,4,3,0,1,4.9,7,634348.37
PROP-11530,1793,2,2.0,1,Metro Uptown,6,2,0,1,1.6,5,683490.61
PROP-11531,1381,3,2.8,3,Suburban West,13,1,0,1,4.8,9,570830.52
PROP-11532,1437,2,1.5,1,Suburban West,23,0,0,1,10.4,4,451877.25
PROP-11533,2714,3,2.2,2,Metro Uptown,5,1,0,1,18.5,4,842305.3
PROP-11534,1676,3,2.8,2,Riverside Park,37,2,0,1,23.9,9,644597.23
PROP-11535,2078,4,3.5,2,Suburban West,2,1,1,1,5.3,7,811994.48
PROP-11536,1156,1,1.2,2,Green Hills,18,2,0,1,13.2,8,638215.67
PROP-11537,2545,3,3.2,1,Suburban West,5,1,0,1,13.3,6,783587.17
PROP-11538,2148,4,3.5,2,East Bay Outskirts,6,2,0,1,20.2,7,615363.02
PROP-11539,3588,4,3.5,1,East Bay Outskirts,5,2,0,0,19.1,6,788966.25
PROP-11540,2064,3,2.8,1,Downtown Metro,24,1,0,1,11.2,8,883589.79
PROP-11541,2125,4,3.0,1,East Bay Outskirts,3,2,0,1,3.1,10,636603.14
PROP-11542,2744,4,3.5,2,Green Hills,6,1,0,1,3.3,9,1066787.02
PROP-11543,1915,2,2.5,1,East Bay Outskirts,5,1,1,1,6.2,4,536177.9
PROP-11544,2644,3,2.2,2,Green Hills,15,2,0,1,6.7,5,964854.66
PROP-11545,1958,2,2.5,1,Riverside Park,22,2,0,1,1.0,6,719460.89
PROP-11546,3045,3,2.8,3,Metro Uptown,4,2,0,1,8.4,5,982613.66
PROP-11547,2193,4,3.5,1,Green Hills,26,2,0,0,7.9,6,896600.21
PROP-11548,2495,3,2.8,1,Green Hills,24,1,1,1,20.6,6,937729.8
PROP-11549,1701,3,2.8,2,Suburban West,27,2,0,1,13.6,4,595800.32
PROP-11550,1513,3,2.8,3,Suburban West,23,1,0,1,2.4,7,586025.69
PROP-11551,1668,3,3.2,1,Suburban West,8,2,0,1,8.4,8,640864.8
PROP-11552,2480,3,3.2,1,Green Hills,27,1,0,0,7.7,9,934924.44
PROP-11553,2282,4,3.0,1,Green Hills,4,3,0,0,3.6,8,989077.03
PROP-11554,2173,3,2.2,2,Downtown Metro,4,1,0,1,13.4,9,939498.86
PROP-11555,2979,3,2.8,1,Green Hills,21,0,0,1,16.7,6,971326.64
PROP-11556,809,1,1.8,2,Metro Uptown,4,1,0,1,19.6,9,453669.63
PROP-11557,1422,3,2.2,2,Suburban West,41,2,0,1,5.4,6,503174.73
PROP-11558,833,1,1.2,2,Riverside Park,5,2,0,1,2.0,5,476542.57
PROP-11559,2197,4,4.0,1,Suburban West,6,0,0,1,12.2,7,698028.37
PROP-11560,2942,4,3.5,1,Downtown Metro,43,2,0,1,10.8,7,1090244.11
PROP-11561,1184,2,2.0,2,Riverside Park,14,1,1,1,9.9,6,623051.72
PROP-11562,2415,3,3.2,2,Suburban West,10,0,0,0,20.1,6,689012.59
PROP-11563,2382,4,3.0,2,Suburban West,2,0,0,1,19.0,8,700361.1
PROP-11564,1725,2,2.0,3,Green Hills,29,3,0,1,14.1,9,805518.01
PROP-11565,750,1,1.2,1,Downtown Metro,6,0,1,1,17.6,7,475990.56
PROP-11566,1936,2,1.5,1,Suburban West,8,2,0,1,6.6,6,586595.28
PROP-11567,3001,3,2.2,2,Metro Uptown,23,1,1,0,12.1,7,873316.65
PROP-11568,2082,3,2.8,1,Riverside Park,8,2,0,1,15.4,9,799730.21
PROP-11569,1791,2,1.5,2,Suburban West,55,2,0,1,9.1,8,527977.4
PROP-11570,882,2,1.5,2,East Bay Outskirts,25,1,1,1,12.3,7,385532.47
PROP-11571,996,1,1.0,2,Green Hills,1,1,0,1,22.9,6,532551.27
PROP-11572,2192,4,3.5,1,East Bay Outskirts,35,3,0,1,10.5,7,587411.14
PROP-11573,1815,3,2.2,1,Suburban West,2,0,0,1,20.9,9,633258.85
PROP-11574,1327,2,2.0,1,Riverside Park,0,2,1,1,4.1,8,719816.67
PROP-11575,2709,3,2.2,1,Suburban West,9,3,0,1,15.8,7,800751.72
PROP-11576,2129,4,3.0,1,Suburban West,7,2,1,1,19.3,6,744374.33
PROP-11577,1539,3,2.2,1,East Bay Outskirts,26,2,0,1,22.0,7,452821.47
PROP-11578,1901,3,2.2,2,Green Hills,10,3,0,1,8.5,6,837480.03
PROP-11579,2744,4,3.0,1,East Bay Outskirts,53,1,1,0,15.3,5,557202.11
PROP-11580,2023,4,3.0,1,Downtown Metro,0,2,0,1,11.1,5,881878.55
PROP-11581,1925,3,2.2,1,Riverside Park,19,2,0,1,14.2,7,757783.26
PROP-11582,1682,3,2.8,1,Suburban West,28,1,0,1,11.3,6,554546.95
PROP-11583,1781,3,2.2,2,Green Hills,10,1,1,1,1.0,7,834814.16
PROP-11584,1162,2,2.5,2,Metro Uptown,32,1,0,1,7.7,6,542897.09
PROP-11585,2230,3,2.2,2,Suburban West,1,2,0,1,18.0,6,721973.81
PROP-11586,2380,3,2.2,2,Metro Uptown,20,1,1,1,11.8,7,811355.76
PROP-11587,810,1,1.0,1,Suburban West,4,1,1,1,8.9,5,399768.72
PROP-11588,2803,4,3.0,2,Suburban West,10,1,0,1,12.1,7,832480.28
PROP-11589,2106,4,3.0,1,Green Hills,40,2,0,1,7.3,5,838662.75
PROP-11590,3364,6,5.5,1,Metro Uptown,2,2,0,1,10.2,9,1127525.7
PROP-11591,2512,3,2.8,2,Green Hills,40,1,0,1,20.3,8,885964.07
PROP-11592,2362,3,3.2,2,Downtown Metro,9,2,0,1,1.8,7,978802.55
PROP-11593,1941,2,2.5,1,Suburban West,30,2,0,1,1.2,7,642554.68
PROP-11594,1492,3,2.2,1,East Bay Outskirts,21,2,0,1,16.5,6,455650.98
PROP-11595,1650,3,2.2,3,Suburban West,37,1,0,1,7.4,7,579238.01
PROP-11596,750,2,1.5,1,Green Hills,31,3,1,1,3.0,8,625517.22
PROP-11597,2026,3,3.2,1,Downtown Metro,42,1,0,1,12.7,7,841209.92
PROP-11598,2303,3,2.8,2,Metro Uptown,2,3,0,1,11.4,7,795651.12
PROP-11599,2256,4,4.0,3,Metro Uptown,23,2,0,1,5.6,10,862069.31
PROP-11600,2458,3,3.2,2,Riverside Park,4,1,1,1,22.8,6,888698.51
PROP-11601,2727,4,3.5,2,Downtown Metro,0,0,0,1,4.0,7,1066266.34
PROP-11602,2637,4,3.5,1,Metro Uptown,55,1,0,1,15.9,8,811179.22
PROP-11603,2048,3,3.2,1,Suburban West,43,2,1,1,14.7,6,690303.9
PROP-11604,2504,4,3.0,3,Suburban West,5,1,0,1,12.5,5,742538.66
PROP-11605,1898,3,3.2,1,East Bay Outskirts,26,2,0,1,14.4,5,503147.16
PROP-11606,1831,3,2.8,2,Metro Uptown,23,0,0,1,1.1,5,693715.77
PROP-11607,2779,4,3.0,3,Metro Uptown,6,2,0,1,3.7,7,948701.24
PROP-11608,1110,2,1.5,2,Green Hills,3,0,0,1,15.9,4,559059.44
PROP-11609,2695,4,4.0,3,Riverside Park,30,2,0,1,6.5,4,948127.07
PROP-11610,3817,5,4.8,2,Suburban West,28,1,0,1,6.0,5,965499.58
PROP-11611,3407,4,3.0,2,Suburban West,2,1,0,0,19.0,8,868486.85
PROP-11612,2719,4,3.0,3,Downtown Metro,5,0,1,1,11.7,10,1107398.21
PROP-11613,1774,3,3.2,1,Riverside Park,22,0,0,1,9.1,6,691926.38
PROP-11614,1681,2,2.0,2,Suburban West,2,2,1,0,13.3,6,616951.42
PROP-11615,1980,3,2.2,2,Downtown Metro,7,1,0,1,5.7,7,862027.75
PROP-11616,1728,3,3.2,1,Green Hills,8,2,0,1,16.3,7,797310.75
PROP-11617,3437,5,3.8,2,Downtown Metro,54,1,0,1,20.7,9,1211965.46
PROP-11618,3802,5,4.8,1,Green Hills,1,0,0,1,20.7,4,1260647.77
PROP-11619,2445,4,4.0,2,Suburban West,1,1,1,1,10.5,7,826290.73
PROP-11620,1576,3,2.2,1,Suburban West,5,1,0,0,9.7,7,556397.89
PROP-11621,1861,3,2.8,1,Green Hills,30,2,0,0,1.0,7,783943.11
PROP-11622,1214,2,2.0,2,Metro Uptown,2,0,0,1,14.9,8,551674.76
PROP-11623,2374,4,4.0,2,Suburban West,5,2,1,1,8.3,5,816699.71
PROP-11624,1585,2,2.0,2,Downtown Metro,19,1,0,0,24.3,5,610166.26
PROP-11625,2139,4,4.0,1,Metro Uptown,3,1,1,0,1.0,7,816364.38
PROP-11626,1979,2,2.0,3,Green Hills,1,1,1,1,8.1,9,866684.46
PROP-11627,2061,3,2.8,2,Downtown Metro,15,0,0,1,31.8,6,777512.36
PROP-11628,2677,4,3.0,3,Green Hills,20,1,0,1,21.8,7,979456.49
PROP-11629,2502,3,2.2,1,Green Hills,8,1,0,1,9.4,8,944642.73
PROP-11630,1955,2,2.5,2,Downtown Metro,12,3,1,1,13.9,9,920478.26
PROP-11631,2494,3,2.2,1,Green Hills,6,3,0,1,8.6,8,975814.23
PROP-11632,1647,3,2.8,2,Suburban West,17,0,0,1,8.0,7,552093.96
PROP-11633,1005,2,2.0,3,Suburban West,27,2,0,1,16.9,6,434127.4
PROP-11634,1705,3,2.8,1,Riverside Park,6,1,0,1,11.7,9,736861.13
PROP-11635,2326,4,3.0,1,Riverside Park,12,2,0,1,1.4,8,903459.41
PROP-11636,1956,3,2.8,1,Downtown Metro,27,0,0,1,13.5,7,790074.39
PROP-11637,2410,3,2.8,2,Metro Uptown,11,2,0,1,6.4,7,839952.43
PROP-11638,2646,3,2.8,2,East Bay Outskirts,0,1,0,1,10.8,7,631540.7
PROP-11639,2101,4,3.0,2,Riverside Park,5,1,0,1,3.9,3,805060.78
PROP-11640,2371,4,3.0,1,Green Hills,9,0,0,1,2.3,4,902234.13
PROP-11641,2760,4,3.0,2,Metro Uptown,17,0,0,1,10.8,9,887057.11
PROP-11642,2955,4,3.0,3,Riverside Park,0,1,0,1,16.8,7,1005349.25
PROP-11643,783,1,1.0,1,Suburban West,8,1,0,1,12.9,6,366332.91
PROP-11644,2368,4,3.5,3,Riverside Park,20,2,0,1,8.1,5,880834.08
PROP-11645,2516,4,3.5,1,Metro Uptown,0,2,0,1,10.5,6,922422.85
PROP-11646,2276,3,2.8,2,Green Hills,0,2,0,1,6.9,6,934144.67
PROP-11647,2543,3,3.2,1,Suburban West,36,2,0,1,17.4,10,741775.85
PROP-11648,2774,3,2.2,1,Suburban West,1,1,1,1,1.0,6,834283.1
PROP-11649,3132,3,2.2,2,Suburban West,2,0,0,0,22.0,7,785063.86
PROP-11650,3391,4,4.0,2,Suburban West,3,2,0,0,2.0,9,1008692.2
PROP-11651,2419,3,2.8,2,Suburban West,15,3,1,1,5.2,6,802556.97
PROP-11652,2123,4,3.0,1,Downtown Metro,18,3,0,1,20.0,6,918892.31
PROP-11653,1527,2,2.0,2,Green Hills,15,1,1,1,12.2,8,738664.54
PROP-11654,2775,3,2.2,1,Metro Uptown,0,1,1,1,18.0,7,884379.97
PROP-11655,1117,2,2.0,1,Green Hills,44,2,0,1,12.4,5,560931.35
PROP-11656,2134,3,3.2,2,Riverside Park,2,1,0,1,7.3,7,844600.12
PROP-11657,1904,3,2.8,2,Green Hills,6,3,0,1,1.0,8,906897.96
PROP-11658,1340,3,2.8,1,Riverside Park,39,2,0,1,8.3,8,624814.86
PROP-11659,3000,4,4.0,1,Green Hills,9,2,0,1,8.8,6,1114638.48
PROP-11660,750,1,1.2,1,Green Hills,2,2,0,1,10.1,8,538273.96
PROP-11661,2139,4,3.5,2,Riverside Park,6,2,0,1,14.2,8,820461.08
PROP-11662,1518,2,1.5,2,Green Hills,20,1,0,0,11.7,7,667170.76
PROP-11663,2445,3,2.8,1,Downtown Metro,13,3,1,1,11.7,6,958855.37
PROP-11664,1963,3,3.2,2,Green Hills,3,0,0,1,12.3,7,866406.32
PROP-11665,3392,4,3.5,1,Suburban West,4,2,1,1,14.6,6,991726.44
PROP-11666,1330,3,2.2,1,Suburban West,0,1,0,1,1.0,6,553833.09
PROP-11667,1548,3,3.2,3,Suburban West,0,2,0,0,13.4,5,580563.29
PROP-11668,2975,3,2.2,1,Suburban West,6,3,0,1,17.2,5,839459.29
PROP-11669,750,2,1.5,1,Green Hills,22,2,0,1,10.3,7,500649.48
PROP-11670,2206,3,2.8,2,Downtown Metro,2,2,0,1,10.4,9,994337.7
PROP-11671,2176,4,3.5,1,Suburban West,9,1,0,1,17.3,5,678656.56
PROP-11672,2313,4,4.0,1,Suburban West,11,2,1,1,9.2,6,769884.91
PROP-11673,2665,3,3.2,1,Riverside Park,55,2,0,1,15.0,4,822084.64
PROP-11674,3394,5,3.8,1,Metro Uptown,6,2,0,1,9.5,6,1082695.4
PROP-11675,2217,3,2.2,2,Riverside Park,9,0,0,1,13.5,4,754495.69
PROP-11676,2876,3,2.2,1,Riverside Park,20,2,0,1,17.0,6,930564.88
PROP-11677,3604,5,4.2,2,Riverside Park,14,3,0,1,17.9,7,1190942.05
PROP-11678,1121,2,2.0,3,Riverside Park,9,2,1,1,10.0,8,620747.35
PROP-11679,2028,3,3.2,1,East Bay Outskirts,3,2,0,1,13.9,7,574495.23
PROP-11680,1320,3,2.8,1,Metro Uptown,8,1,0,1,1.0,8,641751.92
PROP-11681,3049,3,2.2,2,Riverside Park,14,2,0,1,8.7,9,1010257.47
PROP-11682,2566,3,2.2,2,East Bay Outskirts,23,2,1,1,22.8,6,648284.39
PROP-11683,1723,2,2.0,2,Suburban West,23,3,0,1,18.1,7,584274.19
PROP-11684,1895,3,2.8,2,Suburban West,18,2,0,1,5.9,6,643966.08
PROP-11685,2023,4,3.5,1,Metro Uptown,5,3,0,1,3.1,3,764991.63
PROP-11686,2921,3,2.8,2,Green Hills,38,1,0,1,18.3,6,978965.14
PROP-11687,2945,3,3.2,2,Suburban West,11,1,0,1,11.4,8,822816.58
PROP-11688,750,2,1.5,1,Suburban West,29,2,0,1,14.7,5,385173.62
PROP-11689,1961,3,2.2,1,Downtown Metro,0,2,0,1,13.9,8,856732.87
PROP-11690,2242,4,3.5,1,Suburban West,46,2,0,0,12.2,3,628847.56
PROP-11691,2038,3,2.2,1,Metro Uptown,3,1,0,1,7.6,4,699302.48
PROP-11692,1252,3,2.8,2,Downtown Metro,14,2,1,1,6.8,8,784021.96
PROP-11693,1582,2,1.5,2,Suburban West,3,3,0,1,22.0,7,542310.8
PROP-11694,1101,1,1.2,2,Green Hills,6,0,1,1,12.1,7,614888.57
PROP-11695,2530,3,2.2,1,Green Hills,38,2,0,1,14.7,5,852487.64
PROP-11696,1609,2,2.0,1,Green Hills,1,0,0,1,14.5,6,690485.68
PROP-11697,2543,3,2.2,1,Green Hills,2,2,1,1,2.7,8,1004521.88
PROP-11698,1169,2,2.5,1,Downtown Metro,11,0,0,1,20.1,7,558894.65
PROP-11699,2447,3,3.2,2,Metro Uptown,23,0,0,1,9.8,9,812297.77
PROP-11700,1566,3,2.8,2,Downtown Metro,2,0,0,1,11.0,8,768049.52
PROP-11701,3645,6,5.5,2,Suburban West,5,3,0,1,17.7,3,1071029.01
PROP-11702,3044,4,3.5,2,Metro Uptown,28,1,0,1,12.1,5,896982.73
PROP-11703,2479,4,3.0,2,Downtown Metro,4,2,0,1,8.6,4,979156.96
PROP-11704,1552,3,2.2,2,Metro Uptown,55,1,0,1,24.1,5,521304.93
PROP-11705,2861,4,3.5,2,Suburban West,0,3,1,1,23.8,9,903301.9
PROP-11706,1949,2,1.5,2,East Bay Outskirts,4,0,0,1,18.0,8,463975.68
PROP-11707,2309,3,2.2,1,Downtown Metro,55,1,0,1,14.9,7,828157.02
PROP-11708,3738,4,4.0,2,Riverside Park,0,3,0,1,8.0,7,1233537.76
PROP-11709,2505,4,3.0,1,Downtown Metro,2,3,0,1,10.4,5,1043510.82
PROP-11710,750,1,1.0,1,East Bay Outskirts,33,0,1,1,21.2,4,237355.97
PROP-11711,2650,4,3.0,2,Green Hills,23,0,1,1,5.0,8,1076898.48
PROP-11712,2267,3,2.2,1,Downtown Metro,14,2,0,1,15.7,9,979334.15
PROP-11713,2054,4,3.5,3,Downtown Metro,5,3,0,1,12.1,8,952932.53
PROP-11714,1706,3,3.2,2,Metro Uptown,5,1,0,1,9.3,7,723459.69
PROP-11715,2272,4,3.5,2,Green Hills,25,1,1,0,15.6,9,906106.73
PROP-11716,2509,4,3.5,1,Suburban West,3,2,0,1,14.8,5,803851.67
PROP-11717,2206,4,4.0,2,Riverside Park,23,3,0,1,11.1,7,895280.72
PROP-11718,2630,4,4.0,1,Suburban West,8,0,0,1,14.9,9,753079.66
PROP-11719,1738,2,1.5,1,Riverside Park,55,2,0,1,15.7,9,604482.84
PROP-11720,1984,2,1.5,1,Green Hills,20,0,0,1,21.6,9,747467.86
PROP-11721,2584,4,3.5,2,Downtown Metro,6,2,1,0,13.3,6,1078445.72
PROP-11722,2342,4,4.0,1,Suburban West,16,1,0,1,14.3,7,768226.09
PROP-11723,1487,3,2.8,2,Metro Uptown,32,2,0,1,24.5,7,566652.45
PROP-11724,2169,4,3.0,1,Green Hills,6,2,0,1,14.5,9,930901.69
PROP-11725,2377,4,3.0,1,Downtown Metro,3,3,0,1,21.3,4,960951.34
PROP-11726,2541,4,3.5,3,Suburban West,4,2,0,1,17.4,5,798941.12
PROP-11727,2803,3,2.8,1,Suburban West,31,1,0,1,16.9,8,732089.98
PROP-11728,3675,4,3.5,1,Green Hills,29,2,1,1,12.9,5,1181151.52
PROP-11729,1876,2,1.5,2,Riverside Park,3,0,0,0,7.7,5,714155.29
PROP-11730,3310,6,5.0,1,Downtown Metro,3,1,0,1,1.0,7,1309046.94
PROP-11731,2735,3,2.8,2,Riverside Park,2,1,1,1,15.2,8,934734.02
PROP-11732,750,1,1.2,2,Suburban West,31,1,1,1,11.6,8,391095.37
PROP-11733,1839,3,2.8,3,Suburban West,23,3,0,1,10.1,8,668824.78
PROP-11734,2822,4,3.5,1,Downtown Metro,12,1,0,1,17.9,7,1027328.59
PROP-11735,2056,3,2.2,1,Metro Uptown,13,2,0,1,11.1,8,741955.67
PROP-11736,1980,2,1.5,1,Green Hills,9,1,0,0,9.5,5,750599.96
PROP-11737,2409,3,2.8,2,Downtown Metro,9,1,1,1,17.4,4,935123.97
PROP-11738,2866,4,3.0,2,Riverside Park,20,3,1,1,17.5,7,1030994.79
PROP-11739,2166,3,2.2,1,Downtown Metro,37,1,1,1,10.9,2,822491.26
PROP-11740,1469,2,1.5,1,Riverside Park,5,1,0,1,19.8,7,607353.32
PROP-11741,1742,2,2.0,3,Riverside Park,9,0,1,1,22.0,10,728535.56
PROP-11742,2316,3,2.2,2,Metro Uptown,8,1,0,1,31.4,10,739368.68
PROP-11743,2167,4,3.0,2,Suburban West,13,2,0,1,5.5,8,751203.53
PROP-11744,2720,3,2.2,2,Green Hills,1,2,0,1,16.8,6,994656.47
PROP-11745,2370,4,4.0,1,East Bay Outskirts,28,1,0,1,18.2,8,565500.79
PROP-11746,2597,3,2.2,2,Green Hills,8,1,0,1,19.7,7,912380.82
PROP-11747,2988,3,2.2,2,Riverside Park,16,2,0,1,14.2,7,946495.55
PROP-11748,2256,4,4.0,2,Riverside Park,14,0,0,1,24.3,6,818298.2
PROP-11749,2837,3,2.8,1,Riverside Park,0,2,0,1,7.7,8,968487.04
PROP-11750,2244,3,2.2,1,Green Hills,23,1,0,1,13.7,9,841185.48
PROP-11751,1426,3,2.2,2,Metro Uptown,16,2,0,0,5.5,8,627146.41
PROP-11752,1952,3,2.2,2,Downtown Metro,5,2,0,1,13.9,5,849694.57
PROP-11753,1913,3,2.8,1,Green Hills,5,2,0,1,18.9,6,801943.48
PROP-11754,2213,4,3.0,1,Green Hills,25,2,0,1,15.4,9,899088.52
PROP-11755,3221,6,5.0,1,Downtown Metro,18,2,0,1,16.7,7,1236241.65
PROP-11756,2056,4,3.0,2,Green Hills,0,0,0,0,8.8,5,860452.74
PROP-11757,1752,3,2.8,1,Suburban West,5,3,0,1,7.4,7,667526.39
PROP-11758,1806,2,2.0,1,Green Hills,3,2,0,1,15.1,5,737632.52
PROP-11759,2683,4,3.0,1,Green Hills,3,1,0,1,18.3,7,983695.66
PROP-11760,1579,3,3.2,1,Riverside Park,18,2,0,1,13.4,9,645793.5
PROP-11761,2222,3,2.8,2,Suburban West,2,1,1,1,13.6,6,724611.57
PROP-11762,801,2,1.5,1,Suburban West,11,0,1,1,15.9,5,429738.74
PROP-11763,2147,4,3.5,2,Green Hills,21,2,0,1,22.1,6,883910.92
PROP-11764,1989,3,2.8,2,Suburban West,19,0,0,1,8.3,9,632810.65
PROP-11765,3508,4,3.5,1,Suburban West,7,2,1,1,9.7,5,1000682.64
PROP-11766,2452,4,4.0,1,Downtown Metro,11,2,0,1,10.4,6,1039946.06
PROP-11767,1672,2,2.0,2,Downtown Metro,27,1,0,1,11.0,7,724726.13
PROP-11768,1917,3,2.2,1,Green Hills,10,3,1,1,19.2,6,814893.22
PROP-11769,3054,3,2.8,1,East Bay Outskirts,18,2,0,1,15.6,5,646530.78
PROP-11770,2835,4,3.5,3,East Bay Outskirts,14,3,0,1,8.8,5,748790.12
PROP-11771,2545,3,2.8,1,Riverside Park,20,2,0,1,15.4,6,849246.46
PROP-11772,2862,3,2.2,2,Downtown Metro,20,1,0,1,14.6,5,998473.53
PROP-11773,2638,3,2.8,2,Green Hills,40,1,0,1,21.4,7,896555.2
PROP-11774,1566,2,2.0,1,Suburban West,10,1,0,1,15.1,4,485515.73
PROP-11775,1681,3,2.2,1,Downtown Metro,2,0,0,1,8.3,3,720613.07
PROP-11776,1842,3,2.2,2,Metro Uptown,16,1,0,1,1.0,8,707292.73
PROP-11777,2759,3,3.2,1,Downtown Metro,34,2,0,1,12.3,7,995981.0
PROP-11778,2084,3,2.8,1,East Bay Outskirts,4,1,0,1,6.6,6,563888.12
PROP-11779,1901,2,1.5,2,Suburban West,13,2,0,1,14.3,7,620011.11
PROP-11780,2591,3,3.2,1,Downtown Metro,12,2,1,1,12.2,5,1011496.38
PROP-11781,1504,3,2.8,1,Downtown Metro,55,1,0,1,5.5,7,661177.46
PROP-11782,2058,4,3.5,2,Downtown Metro,12,1,0,1,11.6,7,884486.31
PROP-11783,2487,4,3.5,1,Downtown Metro,7,2,0,1,9.6,9,1035301.65
PROP-11784,1686,3,3.2,2,Suburban West,23,1,0,1,12.6,8,562782.84
PROP-11785,867,1,1.0,2,Green Hills,0,0,1,1,23.7,7,557585.8
PROP-11786,1972,3,2.2,2,Green Hills,2,2,0,1,12.9,5,833370.89
PROP-11787,2698,4,4.0,1,Metro Uptown,1,3,0,1,13.0,5,935524.77
PROP-11788,2460,3,2.2,1,Riverside Park,10,1,0,1,15.7,9,851344.47
PROP-11789,2629,4,3.0,2,Suburban West,2,1,1,1,5.5,9,876305.98
PROP-11790,2141,4,3.0,1,Metro Uptown,8,2,1,1,16.0,7,795127.23
PROP-11791,2175,3,2.8,1,Downtown Metro,8,2,0,1,12.3,7,896596.31
PROP-11792,2241,4,3.5,1,East Bay Outskirts,25,1,0,1,13.3,5,587137.74
PROP-11793,1764,3,2.8,1,Riverside Park,0,1,0,0,16.7,5,724243.97
PROP-11794,1941,3,3.2,2,Metro Uptown,7,2,0,0,2.7,9,761049.67
PROP-11795,3325,6,4.5,1,Downtown Metro,8,1,0,1,21.9,8,1259321.91
PROP-11796,2345,3,2.8,2,East Bay Outskirts,25,2,1,1,12.3,8,652919.75
PROP-11797,2541,3,2.2,1,Downtown Metro,10,1,0,1,23.4,4,919865.63
PROP-11798,2107,4,4.0,1,Suburban West,1,2,0,1,18.1,9,715514.72
PROP-11799,1625,3,2.2,2,Downtown Metro,30,2,0,1,7.9,6,759529.91
PROP-11800,2950,3,2.2,1,Suburban West,3,2,0,1,11.5,4,759976.32
PROP-11801,1925,3,2.2,2,East Bay Outskirts,51,1,0,1,18.8,8,417635.68
PROP-11802,2632,4,3.0,1,East Bay Outskirts,15,2,0,1,12.0,6,681533.31
PROP-11803,2143,4,4.0,1,Suburban West,11,2,0,0,7.2,10,755857.96
PROP-11804,2118,3,2.8,1,Downtown Metro,4,2,0,1,12.1,7,912392.9
PROP-11805,1914,3,2.8,1,Riverside Park,9,3,0,1,12.2,9,801002.35
PROP-11806,1690,2,1.5,2,Metro Uptown,18,3,0,1,20.3,5,609750.8
PROP-11807,2575,3,3.2,2,Suburban West,4,1,0,1,12.9,7,757267.6
PROP-11808,2935,3,2.2,1,East Bay Outskirts,33,1,0,1,17.0,9,615702.43
PROP-11809,2997,3,2.2,1,Green Hills,20,3,0,1,9.4,4,1024165.52
PROP-11810,2083,4,3.5,3,Downtown Metro,10,2,0,1,25.5,4,908772.36
PROP-11811,1679,3,2.2,1,Green Hills,11,3,0,1,12.3,8,806433.71
PROP-11812,2433,3,3.2,1,Metro Uptown,39,3,0,1,10.4,7,791110.33
PROP-11813,3407,6,5.0,1,Suburban West,5,0,0,1,15.4,8,959055.77
PROP-11814,796,1,1.0,1,Green Hills,33,1,0,1,20.3,8,458553.92
PROP-11815,1869,3,2.8,1,East Bay Outskirts,5,1,0,1,20.4,7,527509.44
PROP-11816,1633,2,1.5,1,Metro Uptown,5,0,0,1,12.6,8,566139.56
PROP-11817,2791,3,2.2,1,Metro Uptown,14,1,0,1,10.8,5,845302.45
PROP-11818,3410,4,3.5,2,Suburban West,4,3,0,1,15.9,7,930246.82
PROP-11819,846,2,1.5,2,Downtown Metro,5,2,0,1,3.6,5,525374.96
PROP-11820,993,2,2.0,1,Green Hills,5,1,0,1,18.3,9,587980.08
PROP-11821,2044,3,2.8,2,Green Hills,7,2,1,1,15.2,8,934250.18
PROP-11822,2115,3,2.2,1,Riverside Park,5,2,0,1,14.6,6,813221.72
PROP-11823,1800,2,1.5,2,Metro Uptown,26,1,0,1,18.2,7,596000.91
PROP-11824,2731,3,2.8,1,Downtown Metro,2,2,0,1,20.5,8,1034122.0
PROP-11825,3305,5,3.8,2,Riverside Park,17,2,0,1,9.9,8,1105186.46
PROP-11826,1926,2,2.0,1,Downtown Metro,25,2,0,1,17.3,6,735673.87
PROP-11827,2770,4,3.5,3,Suburban West,1,0,0,1,23.5,10,880637.45
PROP-11828,1320,2,2.0,2,Suburban West,3,2,0,0,7.7,8,539060.43
PROP-11829,1295,2,1.5,2,Suburban West,1,1,0,1,7.8,7,516578.73
PROP-11830,1061,1,1.2,3,Suburban West,6,0,0,1,8.5,9,461387.32
PROP-11831,2063,3,2.8,2,Riverside Park,14,1,0,1,21.3,5,758273.67
PROP-11832,2397,3,2.2,1,Suburban West,16,1,1,1,10.8,8,704443.75
PROP-11833,1772,3,2.8,2,Green Hills,1,1,0,1,18.1,6,756423.86
PROP-11834,1076,1,1.0,1,Green Hills,3,3,0,1,19.4,4,534850.23
PROP-11835,3117,3,2.2,3,Green Hills,55,2,0,1,18.7,6,985461.7
PROP-11836,2814,3,2.2,2,Suburban West,4,1,0,1,13.8,7,798729.11
PROP-11837,2565,3,2.2,3,Suburban West,47,1,0,1,12.8,7,672297.88
PROP-11838,2134,4,3.0,1,Downtown Metro,55,2,0,1,8.3,7,821769.32
PROP-11839,1646,2,2.0,1,Suburban West,2,3,0,0,9.5,6,588348.3
PROP-11840,2665,4,3.0,2,Riverside Park,2,1,1,1,20.0,6,953056.21
PROP-11841,2741,3,2.8,1,Suburban West,0,1,1,1,7.4,7,818360.64
PROP-11842,1546,3,2.2,2,Green Hills,21,2,0,1,16.4,5,683622.51
PROP-11843,1819,3,2.2,2,Suburban West,24,2,0,1,13.3,5,607722.92
PROP-11844,1686,3,3.2,2,Suburban West,5,2,0,1,8.6,7,628052.93
PROP-11845,2170,4,3.0,3,Suburban West,1,2,0,1,10.3,10,814095.82
PROP-11846,3094,4,3.0,1,Riverside Park,2,1,0,0,22.8,4,960209.83
PROP-11847,3134,3,2.8,1,Downtown Metro,41,1,1,1,15.6,5,1080371.84
PROP-11848,2484,3,2.2,2,Metro Uptown,15,3,0,1,26.9,7,816825.95
PROP-11849,1610,2,1.5,3,Green Hills,0,2,1,1,24.8,9,792776.09
PROP-11850,3426,5,3.8,3,Suburban West,23,1,1,1,7.9,10,994655.45
PROP-11851,1629,3,2.8,2,Downtown Metro,19,1,1,1,13.2,5,778884.14
PROP-11852,2046,4,3.0,1,Metro Uptown,16,2,0,0,14.5,6,692752.12
PROP-11853,1851,3,2.8,1,Downtown Metro,45,2,0,1,5.1,4,749398.04
PROP-11854,3685,5,3.8,2,Green Hills,12,3,0,1,26.0,7,1279298.3
PROP-11855,2253,3,2.2,2,Riverside Park,35,2,1,1,6.8,6,821005.65
PROP-11856,2130,3,2.2,2,Riverside Park,9,1,0,1,8.6,7,780753.8
PROP-11857,2052,3,2.2,2,Suburban West,6,1,1,1,8.6,7,754921.21
PROP-11858,2410,3,2.8,2,Green Hills,53,2,1,0,22.7,4,848364.86
PROP-11859,3276,4,3.5,2,Downtown Metro,8,1,0,1,13.8,5,1186616.81
PROP-11860,2546,3,2.2,1,Downtown Metro,23,3,0,0,24.6,5,935488.08
PROP-11861,2555,4,3.5,2,Green Hills,4,2,0,1,8.6,6,1036296.16
PROP-11862,3445,4,4.0,1,Riverside Park,16,2,0,0,8.5,6,1095585.65
PROP-11863,2520,3,2.8,2,Green Hills,26,1,0,0,3.5,7,915049.29
PROP-11864,2941,3,2.2,2,Downtown Metro,39,2,0,1,14.1,8,1034506.55
PROP-11865,3255,5,4.2,3,Suburban West,55,3,1,1,13.7,6,935792.3
PROP-11866,1377,3,2.8,1,Green Hills,4,2,1,1,11.3,4,725049.57
PROP-11867,2784,3,2.8,1,Riverside Park,10,2,1,1,8.8,8,1005477.39
PROP-11868,1660,3,2.8,1,Suburban West,14,2,0,1,8.9,6,595001.04
PROP-11869,1774,3,2.2,1,Suburban West,2,1,0,1,13.2,5,583003.52
PROP-11870,2795,3,2.2,1,Downtown Metro,12,0,0,1,8.6,8,1045343.8
PROP-11871,750,2,2.0,1,Green Hills,15,2,0,1,16.2,6,525720.76
PROP-11872,3304,5,4.2,1,Metro Uptown,37,1,0,1,9.8,7,966071.37
PROP-11873,2204,3,2.2,1,Green Hills,3,2,0,1,14.8,9,916653.43
PROP-11874,2362,4,4.0,1,Green Hills,1,2,1,1,16.9,9,998136.95
PROP-11875,2100,3,2.2,3,Green Hills,27,3,1,1,2.9,7,931415.63
PROP-11876,2121,4,3.0,2,Green Hills,0,1,0,1,15.6,8,887454.29
PROP-11877,1353,3,2.2,2,Green Hills,40,0,0,1,18.6,5,606444.15
PROP-11878,2966,3,2.8,2,Suburban West,5,2,1,1,10.9,6,865099.89
PROP-11879,3553,6,4.5,2,Green Hills,1,0,0,0,6.4,8,1253308.05
PROP-11880,1445,2,2.0,2,Green Hills,7,2,1,1,19.0,8,720206.08
PROP-11881,2124,3,2.8,2,Suburban West,10,3,1,1,22.6,8,674265.9
PROP-11882,2247,3,2.8,2,Suburban West,15,2,0,0,15.1,5,627383.43
PROP-11883,1791,3,2.2,1,Downtown Metro,9,1,1,0,18.9,8,794432.62
PROP-11884,1961,3,2.2,2,Green Hills,27,3,0,1,9.1,8,805197.06
PROP-11885,2479,3,2.8,1,Green Hills,4,1,0,1,17.1,5,912030.96
PROP-11886,1556,2,2.0,3,East Bay Outskirts,12,3,0,1,11.5,10,530681.58
PROP-11887,2503,4,3.0,1,Green Hills,9,2,0,1,1.0,6,1004373.96
PROP-11888,1819,3,2.8,2,Green Hills,4,2,0,1,1.1,5,844108.15
PROP-11889,2901,3,2.8,3,Riverside Park,28,2,0,1,15.7,8,975113.29
PROP-11890,1984,2,2.0,1,Suburban West,7,0,0,1,20.9,6,562393.41
PROP-11891,2014,3,3.2,1,Suburban West,17,2,1,1,1.4,6,717807.56
PROP-11892,2173,3,3.2,2,Suburban West,5,1,0,1,6.4,8,757183.08
PROP-11893,2613,4,3.5,1,Downtown Metro,7,1,0,1,20.1,6,995853.86
PROP-11894,2049,3,2.2,1,Downtown Metro,18,3,0,1,13.9,5,847457.31
PROP-11895,2876,3,2.8,2,Downtown Metro,14,2,0,1,18.0,6,1021145.49
PROP-11896,1733,2,1.5,1,Suburban West,19,2,0,1,20.1,8,556427.97
PROP-11897,2305,3,2.2,2,Suburban West,0,2,0,1,21.5,4,695018.98
PROP-11898,961,1,1.2,1,Suburban West,16,1,0,0,5.9,7,397553.3
PROP-11899,2882,4,3.5,1,Downtown Metro,16,2,0,1,13.2,5,1062927.82
PROP-11900,2787,3,2.2,1,Metro Uptown,36,3,0,1,10.2,5,802740.0
PROP-11901,2128,4,3.0,2,Metro Uptown,12,2,0,1,6.6,7,796192.54
PROP-11902,1935,2,2.5,1,Green Hills,12,0,0,1,11.6,6,736508.54
PROP-11903,1983,2,2.5,2,Riverside Park,19,2,0,1,10.4,6,725360.0
PROP-11904,1464,2,2.0,2,Suburban West,1,1,1,1,13.4,4,555983.49
PROP-11905,2289,3,2.8,2,Suburban West,20,2,1,1,9.8,7,739488.61
PROP-11906,4135,4,3.5,2,Green Hills,4,1,0,1,13.6,8,1342907.03
PROP-11907,2231,4,3.0,3,Downtown Metro,0,3,0,1,5.1,6,987523.02
PROP-11908,3194,4,3.5,2,Suburban West,1,2,0,1,5.9,9,925326.08
PROP-11909,1662,2,1.5,1,Green Hills,27,0,1,1,4.1,7,696281.58
PROP-11910,4010,4,3.5,2,Suburban West,6,2,0,1,10.6,4,1020579.36
PROP-11911,2961,4,3.5,3,Metro Uptown,1,0,0,1,7.1,6,938798.03
PROP-11912,1632,2,2.5,2,Green Hills,16,0,0,1,5.3,7,741219.87
PROP-11913,2549,3,2.2,1,Metro Uptown,8,3,0,1,5.8,10,882960.99
PROP-11914,1168,1,1.2,2,Suburban West,48,2,0,0,14.2,6,364227.26
PROP-11915,2533,4,3.0,1,Green Hills,45,0,1,1,25.5,5,873784.56
PROP-11916,3231,4,3.5,1,Downtown Metro,7,3,1,1,9.7,6,1239813.65
PROP-11917,2535,3,3.2,1,East Bay Outskirts,6,2,1,1,9.2,8,715225.98
PROP-11918,2541,3,2.8,2,Suburban West,12,3,0,1,15.0,4,741728.64
PROP-11919,2308,4,3.0,3,Suburban West,13,0,0,1,17.3,7,687350.9
PROP-11920,750,2,1.5,2,Metro Uptown,0,1,0,1,10.4,8,464181.28
PROP-11921,2193,4,4.0,1,East Bay Outskirts,4,0,0,1,18.9,10,627174.16
PROP-11922,2072,4,3.0,2,Downtown Metro,1,2,0,1,5.6,10,1022940.56
PROP-11923,2187,4,3.5,1,Metro Uptown,39,2,0,1,16.4,5,717528.63
PROP-11924,2527,3,3.2,1,Riverside Park,6,1,0,1,17.2,8,886625.33
PROP-11925,2054,4,3.5,2,East Bay Outskirts,23,2,0,1,20.8,9,608889.99
PROP-11926,2724,4,3.0,1,Green Hills,16,1,0,1,13.4,8,1007184.64
PROP-11927,3866,4,3.5,1,Suburban West,9,1,0,1,7.3,8,968769.76
PROP-11928,2350,4,3.0,2,Downtown Metro,43,3,0,1,7.8,7,958394.66
PROP-11929,2638,3,2.8,1,Suburban West,1,2,1,1,16.9,9,857393.27
PROP-11930,3196,4,3.0,1,Downtown Metro,1,1,0,1,7.6,6,1154208.6
PROP-11931,2102,4,3.0,3,Riverside Park,16,2,0,1,13.6,4,817005.88
PROP-11932,3294,4,3.5,1,Green Hills,2,2,0,1,16.4,9,1142262.76
PROP-11933,2081,4,3.0,2,Suburban West,12,1,0,1,14.4,8,708407.07
PROP-11934,1827,2,2.0,2,Green Hills,3,1,1,1,11.9,9,802268.65
PROP-11935,2783,3,2.8,1,Suburban West,14,3,0,1,12.0,6,798570.94
PROP-11936,2246,3,2.2,1,Riverside Park,1,2,0,1,17.2,5,746239.68
PROP-11937,2058,3,2.2,1,Suburban West,0,2,0,1,12.9,2,614672.36
PROP-11938,2675,4,3.0,2,Riverside Park,7,2,0,1,21.7,5,931334.5
PROP-11939,2884,4,3.5,2,Green Hills,11,0,0,1,5.4,5,1018134.12
PROP-11940,1414,3,2.8,2,Suburban West,55,1,0,1,21.9,9,491833.79
PROP-11941,1733,3,2.8,2,Suburban West,17,1,0,1,13.2,4,559497.94
PROP-11942,3398,4,3.5,2,Suburban West,3,1,0,1,6.8,5,887399.11
PROP-11943,2544,4,3.5,2,Riverside Park,0,2,0,1,11.9,10,959244.78
PROP-11944,3000,3,2.8,1,Downtown Metro,8,3,0,1,10.5,9,1113411.48
PROP-11945,2134,3,2.8,1,Suburban West,3,1,0,1,9.8,3,640174.97
PROP-11946,2339,3,2.8,2,Green Hills,0,3,0,1,12.0,9,933161.02
PROP-11947,2619,3,2.2,1,Green Hills,21,2,0,1,17.4,8,952826.66
PROP-11948,2932,3,2.2,2,Downtown Metro,1,2,0,0,13.0,6,1070672.84
PROP-11949,1462,3,2.8,2,Downtown Metro,8,2,0,1,16.6,6,753261.41
PROP-11950,3612,4,3.5,2,Downtown Metro,15,2,1,1,15.1,4,1310521.22
PROP-11951,1960,2,2.0,2,Riverside Park,3,1,1,1,20.4,9,769332.85
PROP-11952,1643,2,2.5,1,Suburban West,3,3,0,1,8.6,7,591033.84
PROP-11953,2275,4,3.5,2,Green Hills,10,2,0,1,7.2,8,1006443.27
PROP-11954,1686,3,2.8,2,Downtown Metro,4,0,1,1,7.6,7,813996.99
PROP-11955,2940,4,3.5,1,Suburban West,5,1,0,1,7.4,6,801177.07
PROP-11956,2596,4,3.0,1,Green Hills,0,0,0,0,21.5,7,916276.05
PROP-11957,1742,3,3.2,2,Suburban West,19,2,1,1,10.9,7,664448.63
PROP-11958,3187,3,2.8,2,Green Hills,37,2,0,1,21.8,5,997827.06
PROP-11959,1483,2,1.5,2,Suburban West,26,2,0,1,12.1,6,501361.18
PROP-11960,3138,4,3.0,2,Riverside Park,8,2,0,1,11.4,6,1028521.31
PROP-11961,2158,4,4.0,1,Suburban West,28,2,0,1,26.0,8,691885.61
PROP-11962,1534,2,1.5,1,East Bay Outskirts,25,1,1,1,12.7,7,412680.29
PROP-11963,4303,4,3.5,2,Suburban West,23,2,0,0,8.5,4,1016807.87
PROP-11964,1485,3,2.8,1,Downtown Metro,0,1,1,1,5.3,7,801828.23
PROP-11965,2561,3,2.8,2,Green Hills,19,0,1,1,6.8,8,927239.44
PROP-11966,1971,2,1.5,1,Suburban West,2,1,0,1,5.8,6,579118.21
PROP-11967,1756,3,2.8,1,Green Hills,4,1,0,1,8.9,10,813633.77
PROP-11968,1039,1,1.2,1,Green Hills,14,2,0,1,14.7,6,532671.19
PROP-11969,1543,3,3.2,1,Suburban West,33,2,1,1,13.3,7,614091.11
PROP-11970,2489,4,3.0,1,Green Hills,26,1,0,1,9.6,4,877277.76
PROP-11971,2025,4,4.0,1,Green Hills,26,1,0,1,14.1,5,847016.39
PROP-11972,1881,2,2.0,1,Downtown Metro,30,2,0,1,14.8,5,713174.54
PROP-11973,1477,3,2.8,2,Riverside Park,11,2,0,1,8.7,8,712866.91
PROP-11974,1917,2,2.5,1,Riverside Park,18,1,0,1,17.3,7,659450.31
PROP-11975,1134,2,1.5,1,Riverside Park,9,2,1,1,13.8,6,589434.39
PROP-11976,3366,4,3.5,2,Riverside Park,43,0,0,1,9.8,6,1001315.93
PROP-11977,1446,3,2.8,2,East Bay Outskirts,7,2,0,1,7.5,6,495122.19
PROP-11978,2386,4,3.0,2,Downtown Metro,55,2,0,1,20.4,6,916528.13
PROP-11979,3193,4,3.5,1,Suburban West,9,2,0,1,21.7,6,839213.61
PROP-11980,2330,4,3.0,3,East Bay Outskirts,7,2,0,1,1.7,5,630303.33
PROP-11981,2275,4,3.0,1,Metro Uptown,15,1,0,1,11.2,8,835064.1
PROP-11982,750,2,1.5,1,East Bay Outskirts,15,0,0,1,20.4,7,281837.13
PROP-11983,1501,3,2.8,2,Green Hills,4,2,0,1,10.6,4,694452.04
PROP-11984,2465,4,3.5,3,East Bay Outskirts,0,2,0,1,16.6,6,653473.72
PROP-11985,1590,3,3.2,2,Green Hills,27,3,0,1,5.0,7,782993.67
PROP-11986,2077,4,3.0,1,Green Hills,13,3,0,1,16.1,8,910288.69
PROP-11987,1322,3,3.2,2,Suburban West,5,1,1,0,9.8,6,606991.29
PROP-11988,2443,4,3.5,2,Suburban West,0,1,0,1,11.7,9,786501.47
PROP-11989,2055,4,3.0,2,Downtown Metro,17,1,0,1,8.5,5,872413.7
PROP-11990,1894,2,1.5,1,Suburban West,4,2,0,1,12.9,8,620243.59
PROP-11991,2096,4,3.0,1,Suburban West,5,1,0,1,7.2,8,685111.32
PROP-11992,2558,3,2.2,2,Green Hills,0,2,0,1,25.7,5,912212.07
PROP-11993,1762,3,2.8,3,Downtown Metro,29,2,1,1,1.0,8,875891.81
PROP-11994,2414,3,2.8,1,Suburban West,17,3,0,0,12.2,6,720940.93
PROP-11995,2512,3,2.2,2,Downtown Metro,11,3,0,1,15.6,8,1003047.78
PROP-11996,1661,3,2.2,1,Green Hills,11,1,0,1,5.8,9,784628.06
PROP-11997,2048,4,3.0,1,Metro Uptown,1,2,0,1,16.9,5,777358.85
PROP-11998,1341,2,1.5,1,Suburban West,14,2,0,1,10.6,6,510892.65
PROP-11999,3658,5,4.2,1,Downtown Metro,8,1,0,1,12.6,6,1299266.64
PROP-12000,1940,3,3.2,1,Green Hills,3,1,0,1,8.4,7,843608.06
PROP-12001,3088,3,2.2,1,Suburban West,38,1,0,1,6.3,8,757961.27
PROP-12002,2631,3,2.8,2,Suburban West,15,2,0,0,18.2,5,743514.61
PROP-12003,2584,3,2.8,2,Suburban West,33,2,0,1,9.6,9,787953.58
PROP-12004,1593,3,2.8,1,East Bay Outskirts,15,2,0,1,7.8,8,495201.45
PROP-12005,849,1,1.2,1,Riverside Park,6,1,0,1,9.1,6,499915.3
PROP-12006,1491,2,2.5,2,Riverside Park,15,0,1,1,18.8,8,622485.36
PROP-12007,1890,3,2.8,2,Downtown Metro,0,1,0,1,14.1,7,846376.22
PROP-12008,2229,3,2.8,1,Green Hills,21,2,0,1,12.3,4,856033.1
PROP-12009,1336,3,2.2,1,Green Hills,6,0,0,1,13.3,6,658456.25
PROP-12010,1761,3,2.2,2,East Bay Outskirts,6,2,0,1,1.0,6,569433.04
PROP-12011,2518,4,3.5,1,Riverside Park,16,2,0,1,23.1,8,866681.63
PROP-12012,2282,3,2.8,3,Downtown Metro,13,1,0,1,12.7,6,893130.11
PROP-12013,2633,3,2.2,2,Green Hills,3,1,0,1,9.9,6,960010.86
PROP-12014,2388,3,2.8,2,Suburban West,7,3,1,1,14.4,5,765552.64
PROP-12015,2232,4,3.0,2,Green Hills,44,1,0,0,9.0,4,791624.39
PROP-12016,3256,4,3.0,2,Suburban West,28,1,0,1,12.6,6,828087.79
PROP-12017,1826,3,2.8,2,Suburban West,55,0,0,1,9.7,4,524551.28
PROP-12018,1783,2,2.5,1,Green Hills,55,2,0,1,2.5,5,717022.53
PROP-12019,3684,5,3.8,1,Green Hills,10,2,0,1,13.8,9,1288752.11
PROP-12020,2841,3,3.2,1,Suburban West,7,0,0,1,23.6,9,758126.3
PROP-12021,1565,3,2.8,2,Green Hills,7,3,0,1,7.4,5,777726.0
PROP-12022,2970,3,2.8,2,Green Hills,35,0,0,1,15.0,5,967045.41
PROP-12023,2085,3,3.2,1,Downtown Metro,19,2,0,1,16.3,7,845872.04
PROP-12024,1283,2,1.5,3,Suburban West,5,1,1,1,7.7,8,562815.07
PROP-12025,2592,4,3.0,2,Riverside Park,53,2,0,1,5.1,4,867319.48
PROP-12026,1447,3,2.8,1,East Bay Outskirts,1,2,1,1,1.0,5,540330.7
PROP-12027,2048,4,3.0,2,Metro Uptown,27,0,0,1,16.0,9,683425.35
PROP-12028,1068,2,1.5,2,Downtown Metro,15,3,1,1,16.6,7,639128.26
PROP-12029,2704,4,3.0,1,Suburban West,0,2,0,1,13.5,5,795389.24
PROP-12030,2920,4,4.0,1,Green Hills,10,2,1,1,7.5,6,1126319.08
PROP-12031,1887,2,2.0,1,Riverside Park,30,2,0,1,12.2,6,653844.18
PROP-12032,2064,4,3.5,1,Suburban West,10,2,0,1,18.9,5,694491.68
PROP-12033,2915,3,2.8,1,East Bay Outskirts,4,0,1,1,8.0,8,716220.25
PROP-12034,2579,4,3.0,1,Metro Uptown,10,2,1,1,7.7,7,919102.03
PROP-12035,2653,3,2.8,1,East Bay Outskirts,5,2,0,0,15.7,10,680499.49
PROP-12036,3403,4,3.5,2,Downtown Metro,26,1,1,0,12.5,5,1197220.78
PROP-12037,2394,4,4.0,3,Metro Uptown,16,0,0,1,6.6,10,858561.51
PROP-12038,2654,4,3.0,2,East Bay Outskirts,16,2,0,1,9.4,5,668570.55
PROP-12039,2500,3,3.2,1,Riverside Park,13,2,0,1,14.4,7,898238.5
PROP-12040,2180,3,2.8,1,Suburban West,1,2,0,1,11.8,9,746693.31
PROP-12041,1672,3,2.8,1,East Bay Outskirts,27,0,0,1,1.0,7,458949.8
PROP-12042,2393,3,2.2,1,Green Hills,5,1,0,1,7.5,8,922657.96
PROP-12043,1144,2,1.5,2,Suburban West,8,2,1,1,11.7,6,507049.66
PROP-12044,750,2,2.0,3,Metro Uptown,13,2,0,1,19.1,9,513696.35
PROP-12045,1141,2,2.0,1,East Bay Outskirts,9,2,0,1,21.3,7,390365.22
PROP-12046,2049,3,2.2,1,Green Hills,16,1,0,1,7.4,6,841281.14
PROP-12047,2875,4,3.0,1,Suburban West,2,1,0,1,11.6,9,811259.28
PROP-12048,1479,3,2.8,2,East Bay Outskirts,6,2,0,1,15.1,5,489599.84
PROP-12049,1501,2,2.0,2,Green Hills,1,2,0,1,15.2,5,702375.16
PROP-12050,2470,4,4.0,1,East Bay Outskirts,31,3,0,1,9.1,7,645090.24
PROP-12051,2553,3,2.8,1,Suburban West,16,0,0,1,9.0,7,670150.7
PROP-12052,3005,3,2.2,1,Metro Uptown,22,2,0,1,16.0,6,853645.47
PROP-12053,1678,3,2.2,1,Suburban West,22,2,0,1,2.4,7,630742.5
PROP-12054,2525,3,2.8,2,Green Hills,7,1,0,1,17.9,7,926331.66
PROP-12055,3280,5,3.8,1,Suburban West,14,0,0,1,19.3,8,843953.89
PROP-12056,1972,3,2.2,2,Suburban West,0,0,0,1,2.4,5,623925.82
PROP-12057,1795,3,2.2,2,Riverside Park,6,1,1,1,8.4,7,778538.05
PROP-12058,2682,4,3.5,1,Suburban West,24,2,1,1,24.5,5,755167.89
PROP-12059,1940,2,1.5,2,Suburban West,28,0,0,0,6.6,7,534195.61
PROP-12060,2074,4,3.0,1,Riverside Park,2,2,0,1,20.6,6,811188.46
PROP-12061,2535,3,2.2,2,Downtown Metro,10,2,0,1,23.3,7,974817.29
PROP-12062,993,1,1.8,2,Downtown Metro,3,1,0,1,6.9,9,611010.16
PROP-12063,2855,4,3.0,2,Riverside Park,0,1,0,1,18.7,6,960584.68
PROP-12064,2416,3,3.2,2,Riverside Park,7,1,0,1,17.8,6,844913.01
PROP-12065,2205,3,3.2,2,Metro Uptown,38,2,0,1,1.0,10,784172.18
PROP-12066,3179,4,3.0,2,East Bay Outskirts,8,2,0,1,7.3,9,754671.65
PROP-12067,750,1,1.0,3,Downtown Metro,5,1,0,1,9.2,8,530152.51
PROP-12068,3074,4,3.5,1,Downtown Metro,7,0,0,0,9.3,6,1076834.8
PROP-12069,1521,3,2.2,2,Suburban West,5,1,0,1,1.0,7,635013.48
PROP-12070,1836,3,2.2,1,Metro Uptown,14,0,0,1,1.0,7,623565.22
PROP-12071,2673,3,2.2,3,Downtown Metro,26,2,1,1,8.1,7,1032046.94
PROP-12072,2759,3,2.2,1,Suburban West,3,3,0,1,9.5,10,835024.89
PROP-12073,2625,4,4.0,2,Riverside Park,40,1,1,1,13.0,5,907436.54
PROP-12074,1641,3,2.8,2,Green Hills,41,2,1,1,17.0,6,763869.89
PROP-12075,2294,4,3.0,1,Green Hills,12,1,0,1,15.3,10,937369.17
PROP-12076,2703,4,3.5,1,East Bay Outskirts,2,2,0,1,14.4,8,703938.08
PROP-12077,1934,3,2.2,1,East Bay Outskirts,25,3,0,1,6.1,9,509730.69
PROP-12078,1167,2,2.0,2,Suburban West,44,1,0,1,12.6,7,411142.28
PROP-12079,2082,4,3.0,1,Green Hills,44,1,0,1,17.5,6,795068.63
PROP-12080,1627,2,2.0,2,Suburban West,0,2,1,1,22.4,9,641199.26
PROP-12081,2128,4,3.0,2,Downtown Metro,16,1,0,1,10.0,7,871183.27
PROP-12082,1871,2,1.5,1,Suburban West,42,1,0,1,12.2,7,499449.23
PROP-12083,1995,3,2.2,2,East Bay Outskirts,1,1,0,1,6.0,4,560992.55
PROP-12084,2378,4,3.0,1,Suburban West,13,2,0,0,9.4,8,718225.1
PROP-12085,2030,3,3.2,1,East Bay Outskirts,22,1,1,1,10.0,7,558576.43
PROP-12086,2220,4,4.0,2,Metro Uptown,4,2,0,1,7.7,7,828807.71
PROP-12087,2532,4,4.0,3,East Bay Outskirts,34,2,0,0,12.2,7,656943.82
PROP-12088,2110,3,3.2,1,Green Hills,18,1,0,1,21.2,7,806673.98
PROP-12089,2451,3,2.2,2,Metro Uptown,12,1,0,1,8.3,9,827025.19
PROP-12090,1744,3,2.2,2,Green Hills,18,2,0,1,7.9,7,772165.7
PROP-12091,2295,4,3.5,2,Green Hills,4,2,0,1,23.0,6,914497.93
PROP-12092,2901,4,3.5,1,Metro Uptown,38,0,0,1,10.1,4,811527.36
PROP-12093,2044,3,2.2,3,Suburban West,5,1,1,1,14.6,5,690140.05
PROP-12094,2227,3,2.2,1,Suburban West,12,0,0,1,17.4,7,664785.11
PROP-12095,824,1,1.2,1,Green Hills,16,2,0,0,15.2,8,469751.14
PROP-12096,1866,2,2.0,2,Downtown Metro,15,3,0,1,13.5,4,826193.42
PROP-12097,2036,3,2.8,2,Metro Uptown,2,2,0,1,11.7,8,761874.79
PROP-12098,1959,3,2.8,1,Green Hills,1,2,0,1,9.0,7,826642.21
PROP-12099,1702,2,2.0,2,Downtown Metro,1,0,0,1,22.3,7,751640.03
PROP-12100,2242,4,3.5,2,Suburban West,4,1,0,1,21.0,4,671852.54
PROP-12101,2291,3,2.8,2,East Bay Outskirts,7,1,0,1,1.0,7,604799.85
PROP-12102,1001,2,1.5,2,Green Hills,2,3,0,1,2.9,4,606387.38
PROP-12103,2500,3,3.2,1,Green Hills,41,1,0,1,13.2,8,915077.92
PROP-12104,1815,2,1.5,2,Suburban West,12,2,0,1,12.6,6,590489.15
PROP-12105,750,2,1.5,1,Riverside Park,14,2,0,1,19.2,10,501782.8
PROP-12106,2194,3,2.2,2,Suburban West,17,1,1,1,18.9,6,676275.51
PROP-12107,1737,3,2.2,2,Metro Uptown,25,2,1,1,16.0,8,660925.81
PROP-12108,1613,3,3.2,1,Riverside Park,3,0,0,1,12.9,10,724994.02
PROP-12109,3301,5,3.8,2,Green Hills,5,1,0,1,15.8,9,1215609.35
PROP-12110,2529,3,2.2,2,Downtown Metro,0,1,0,1,2.3,7,1016254.41
PROP-12111,2594,4,3.0,1,Suburban West,21,1,0,1,9.4,6,738181.55
PROP-12112,2216,3,2.2,2,Suburban West,0,0,0,1,22.8,7,664841.3
PROP-12113,1542,2,1.5,2,Green Hills,0,1,0,1,21.3,8,707081.74
PROP-12114,2603,3,2.2,1,Riverside Park,6,1,0,1,13.9,8,878777.11
PROP-12115,1470,2,2.0,2,Green Hills,13,1,0,1,7.6,7,705435.75
PROP-12116,1713,3,2.8,1,Downtown Metro,19,2,0,1,24.3,6,745570.23
PROP-12117,1485,2,2.0,1,Suburban West,28,0,0,1,14.7,10,506920.07
PROP-12118,2753,3,2.2,1,Suburban West,0,1,0,1,8.9,6,773326.69
PROP-12119,1344,3,2.2,1,Riverside Park,35,2,1,1,19.7,7,615679.52
PROP-12120,1497,2,2.0,3,Metro Uptown,3,0,0,0,12.9,7,609181.02
PROP-12121,950,1,1.2,2,Suburban West,6,1,0,0,6.4,7,469397.23
PROP-12122,2160,3,2.2,2,Suburban West,12,0,0,1,20.3,9,657914.08
PROP-12123,3212,4,3.5,2,Downtown Metro,3,0,0,1,14.7,7,1189662.39
PROP-12124,1791,3,2.2,1,Metro Uptown,7,1,0,1,14.0,9,671363.64
PROP-12125,1929,3,2.2,1,Metro Uptown,16,2,1,1,20.0,7,708322.73
PROP-12126,2548,3,2.2,1,Suburban West,1,1,0,1,16.4,7,737312.67
PROP-12127,3024,3,2.8,3,Downtown Metro,6,2,0,1,5.8,8,1184561.92
PROP-12128,3526,5,4.8,2,Suburban West,23,2,0,1,10.9,7,976127.01
PROP-12129,1405,2,1.5,1,Metro Uptown,9,3,0,1,24.8,6,581115.06
PROP-12130,1284,3,2.2,2,East Bay Outskirts,41,2,0,1,12.8,6,394156.04
PROP-12131,3422,5,3.8,1,Downtown Metro,5,0,0,1,12.5,8,1248369.87
PROP-12132,1721,3,2.2,1,Suburban West,1,1,0,1,15.1,6,612315.28
PROP-12133,2922,4,3.5,2,Suburban West,20,1,0,1,15.1,6,831008.62
PROP-12134,1872,2,2.5,1,East Bay Outskirts,9,1,0,1,4.2,8,511743.49
PROP-12135,2193,3,2.2,2,Metro Uptown,18,1,0,1,11.9,5,732215.23
PROP-12136,2128,3,2.8,1,Suburban West,22,1,0,1,11.9,4,611953.69
PROP-12137,1954,2,1.5,1,Suburban West,13,1,0,1,12.2,9,602593.29
PROP-12138,1066,2,2.0,1,Riverside Park,23,1,0,1,7.0,9,557119.89
PROP-12139,1760,3,2.2,1,Suburban West,29,1,1,1,18.2,5,586985.21
PROP-12140,1459,3,2.2,3,Riverside Park,5,1,0,1,20.3,7,663190.08
PROP-12141,1892,3,3.2,1,Metro Uptown,8,3,0,1,1.8,5,722135.14
PROP-12142,2089,3,2.8,1,Green Hills,15,2,0,1,21.8,9,834698.73
PROP-12143,1846,3,2.2,2,Riverside Park,4,2,0,1,10.0,9,790904.89
PROP-12144,1474,2,2.0,1,Downtown Metro,25,0,0,1,19.6,9,650242.1
PROP-12145,3248,5,3.8,1,Green Hills,1,3,0,1,12.5,8,1179014.34
PROP-12146,1943,3,2.8,2,Green Hills,1,1,1,1,13.8,7,846828.34
PROP-12147,2415,3,2.2,2,Green Hills,7,2,0,1,3.9,3,887302.31
PROP-12148,2965,4,3.5,1,Green Hills,4,3,0,1,5.6,9,1136294.1
PROP-12149,2638,3,2.2,2,Riverside Park,1,2,0,1,3.1,7,940099.37
PROP-12150,2437,3,2.2,1,Suburban West,0,2,0,1,5.4,6,748829.99
PROP-12151,1882,3,2.2,1,Metro Uptown,5,2,0,1,12.9,7,687751.6
PROP-12152,2148,4,3.0,1,Green Hills,26,1,0,1,5.7,5,839313.29
PROP-12153,2783,3,2.2,1,East Bay Outskirts,7,3,1,1,15.3,6,663793.41
PROP-12154,2353,4,3.0,2,Riverside Park,55,0,0,1,27.0,10,794642.87
PROP-12155,1926,3,2.2,2,Suburban West,4,2,0,0,18.8,6,613888.35
PROP-12156,2121,3,2.2,2,Downtown Metro,2,2,0,0,12.4,4,844167.04
PROP-12157,3150,4,3.0,1,Green Hills,3,2,0,1,22.9,6,1089247.4
PROP-12158,2343,3,3.2,1,East Bay Outskirts,7,1,1,1,10.1,7,615063.76
PROP-12159,1956,3,2.2,1,Suburban West,3,1,0,1,10.7,5,616568.67
PROP-12160,2576,3,2.2,1,Green Hills,17,2,0,1,8.1,5,943573.01
PROP-12161,2307,3,2.2,2,Suburban West,8,1,0,1,7.8,6,701601.76
PROP-12162,2769,3,2.8,2,Metro Uptown,12,1,0,1,2.5,6,848910.48
PROP-12163,1814,2,2.0,2,Riverside Park,7,0,0,1,18.4,7,668465.73
PROP-12164,3088,3,2.8,2,Suburban West,4,2,0,1,8.5,6,855259.03
PROP-12165,2511,3,2.2,1,East Bay Outskirts,27,3,0,1,13.4,7,577109.59
PROP-12166,1407,3,2.2,2,Suburban West,8,3,0,1,19.1,7,568109.61
PROP-12167,2430,4,3.5,1,Downtown Metro,26,1,0,1,11.5,9,1001080.07
PROP-12168,2286,3,2.2,2,East Bay Outskirts,5,1,0,1,27.7,5,507901.64
PROP-12169,2233,4,4.0,1,East Bay Outskirts,8,3,0,1,16.8,5,645355.51
PROP-12170,1647,2,2.5,1,Green Hills,1,0,0,1,7.8,10,714646.37
PROP-12171,1699,2,2.5,1,Green Hills,4,2,1,1,2.1,6,778673.79
PROP-12172,1834,3,2.8,1,Green Hills,6,2,0,1,7.8,8,794916.76
PROP-12173,1607,2,1.5,2,Green Hills,12,3,0,1,15.6,10,725655.34
PROP-12174,2465,4,4.0,1,Metro Uptown,26,3,0,1,18.1,5,813521.7
PROP-12175,2018,4,3.0,1,Suburban West,13,1,0,1,4.2,6,679229.28
PROP-12176,2164,4,3.5,2,Suburban West,9,1,0,1,6.6,6,726122.66
PROP-12177,2826,3,2.2,2,Downtown Metro,12,2,1,1,7.9,5,1093421.69
PROP-12178,1578,3,2.2,1,Green Hills,11,2,0,1,16.9,6,713296.77
PROP-12179,2135,3,3.2,1,Green Hills,2,1,0,1,21.1,7,814469.98
PROP-12180,2644,3,2.2,2,Riverside Park,3,0,0,1,18.3,5,872759.33
PROP-12181,4086,5,3.8,2,East Bay Outskirts,6,1,1,1,14.9,7,944413.21
PROP-12182,2479,4,3.0,1,Riverside Park,12,1,0,1,15.3,6,863393.72
PROP-12183,1568,3,2.8,3,Downtown Metro,27,1,0,1,16.2,9,728784.32
PROP-12184,1254,3,2.2,2,Suburban West,14,1,0,1,12.1,5,552657.68
PROP-12185,3610,4,3.5,2,Suburban West,6,2,0,1,9.5,7,969919.42
PROP-12186,2524,3,2.2,1,Metro Uptown,28,3,0,1,19.0,6,776205.12
PROP-12187,1727,3,2.2,1,Suburban West,2,2,0,1,17.6,4,641441.53
PROP-12188,3056,3,2.8,2,Metro Uptown,34,1,0,1,10.5,5,852494.18
PROP-12189,2489,3,2.8,1,Downtown Metro,14,2,1,1,16.5,6,1028708.62
PROP-12190,3221,4,3.5,2,Metro Uptown,14,2,1,1,13.6,8,1020607.13
PROP-12191,2755,3,2.8,2,Downtown Metro,10,1,0,1,14.2,7,1003142.11
PROP-12192,2622,3,3.2,2,Downtown Metro,10,0,1,1,8.0,3,1027092.26
PROP-12193,3082,3,2.2,2,Suburban West,8,1,0,1,19.8,6,772214.86
PROP-12194,2265,4,4.0,2,Suburban West,4,0,1,0,8.3,7,735712.43
PROP-12195,2477,4,3.5,1,Downtown Metro,19,1,0,1,16.0,6,939058.32
PROP-12196,2069,3,2.8,1,Green Hills,6,2,1,0,20.8,6,849801.91
PROP-12197,2824,4,3.0,2,Green Hills,6,2,0,1,5.1,5,1091981.36
PROP-12198,2254,3,3.2,1,Downtown Metro,3,2,0,1,6.5,2,892016.72
PROP-12199,2275,4,3.0,1,Riverside Park,4,1,0,0,11.7,6,820667.94
PROP-12200,2405,3,3.2,2,Green Hills,21,2,0,1,19.1,5,886778.82
PROP-12201,2300,4,3.0,2,Suburban West,15,2,0,1,18.0,7,711805.2
PROP-12202,2978,4,4.0,1,Suburban West,12,3,1,1,8.9,6,929303.19
PROP-12203,2389,4,3.0,2,Downtown Metro,5,2,0,1,14.5,7,962245.07
PROP-12204,2662,4,3.0,1,Green Hills,21,1,0,1,23.9,6,936113.46
PROP-12205,2211,3,2.2,2,Green Hills,3,2,0,1,20.8,6,886003.26
PROP-12206,2722,3,2.2,1,Green Hills,5,2,0,1,23.6,4,910611.71
PROP-12207,1998,2,2.0,2,Green Hills,7,3,1,1,10.1,7,905333.84
PROP-12208,2417,4,3.5,2,Suburban West,8,2,0,1,8.6,6,789304.3
PROP-12209,1965,3,2.8,1,Metro Uptown,17,2,0,1,4.3,8,714743.14
PROP-12210,750,1,1.2,2,Downtown Metro,50,2,0,1,19.0,6,409488.75
PROP-12211,1911,3,2.2,1,Green Hills,0,2,0,1,18.8,9,834084.57
PROP-12212,2147,3,3.2,1,Riverside Park,2,1,0,0,21.9,7,816748.89
PROP-12213,2606,3,2.2,1,Suburban West,18,2,0,1,1.0,4,744162.32
PROP-12214,2298,4,3.0,2,Downtown Metro,13,0,1,1,17.7,8,983187.84
PROP-12215,1987,3,2.8,3,Riverside Park,5,3,0,1,16.4,9,850755.3
PROP-12216,3292,6,4.5,1,Downtown Metro,3,0,0,1,21.6,7,1222145.69
PROP-12217,2400,4,3.0,2,Downtown Metro,2,3,0,0,8.4,5,991253.33
PROP-12218,2084,4,3.0,1,Suburban West,54,2,0,1,24.4,5,594189.41
PROP-12219,1164,1,1.2,1,Suburban West,4,2,0,1,13.5,7,478924.55
PROP-12220,3265,4,3.0,2,Green Hills,11,2,0,1,9.4,8,1103459.38
PROP-12221,1542,3,2.2,1,Riverside Park,6,1,0,0,23.7,6,598829.16
PROP-12222,2321,3,2.8,1,Riverside Park,5,2,0,1,14.4,5,826261.13
PROP-12223,750,2,2.0,2,Green Hills,21,2,0,0,11.4,4,526039.83
PROP-12224,3277,6,4.5,2,Downtown Metro,28,1,0,1,10.2,6,1179121.56
PROP-12225,2071,4,3.0,1,Metro Uptown,44,2,0,1,16.6,8,717628.53
PROP-12226,2871,3,2.8,2,Metro Uptown,8,0,0,1,13.7,6,842094.77
PROP-12227,1765,3,2.8,1,Green Hills,3,3,0,1,10.3,5,796555.79
PROP-12228,2252,4,3.5,1,Green Hills,7,2,1,1,13.4,7,998632.23
PROP-12229,2178,4,4.0,1,Riverside Park,8,2,0,1,17.2,7,852909.52
PROP-12230,2592,4,3.5,2,Downtown Metro,4,1,0,1,12.1,9,1032817.71
PROP-12231,3776,5,3.8,1,Green Hills,2,0,0,1,3.2,5,1255608.12
PROP-12232,2096,4,3.5,1,Downtown Metro,15,1,0,1,6.3,5,880063.06
PROP-12233,1684,3,2.8,2,Metro Uptown,3,1,0,1,6.8,8,671184.58
PROP-12234,2080,4,4.0,3,Downtown Metro,8,0,0,1,8.5,6,900761.64
PROP-12235,1156,1,1.0,1,Downtown Metro,11,2,0,1,11.7,7,571594.14
PROP-12236,2210,3,2.8,1,Suburban West,9,1,0,1,15.8,8,712752.2
PROP-12237,2326,3,2.2,2,Downtown Metro,7,3,0,0,17.7,8,923220.07
PROP-12238,1988,2,1.5,1,Metro Uptown,24,1,0,1,10.3,2,591700.92
PROP-12239,1453,3,2.2,2,Downtown Metro,15,2,0,1,13.6,7,692231.15
PROP-12240,3083,4,3.0,2,Metro Uptown,25,3,0,1,4.9,6,959886.32
PROP-12241,1949,2,1.5,2,Suburban West,6,2,0,1,7.0,6,638960.87
PROP-12242,2725,3,2.8,1,Suburban West,6,2,0,1,24.2,9,792556.5
PROP-12243,1256,3,3.2,2,Downtown Metro,16,1,0,1,8.2,5,699092.54
PROP-12244,2827,4,3.0,3,Green Hills,1,0,0,1,10.3,7,1029554.87
PROP-12245,3068,4,3.0,2,Suburban West,13,3,0,0,18.9,9,888613.22
PROP-12246,1696,3,2.2,1,Green Hills,0,2,0,1,13.1,6,781238.75
PROP-12247,2070,3,2.2,2,Suburban West,2,2,0,1,9.7,6,748332.15
PROP-12248,2365,4,3.0,1,Green Hills,5,2,0,1,23.2,6,915567.56
PROP-12249,1643,3,3.2,3,Suburban West,11,2,0,1,12.6,6,590920.97
PROP-12250,1752,3,2.8,2,Downtown Metro,5,2,0,1,11.3,8,840400.14
PROP-12251,3516,6,4.5,1,Green Hills,3,0,0,1,25.5,5,1189789.69
PROP-12252,1475,3,2.2,2,Suburban West,21,1,1,1,3.3,10,588663.97
PROP-12253,2729,4,3.0,2,Green Hills,17,1,0,1,5.6,5,995037.53
PROP-12254,1518,3,2.8,1,Downtown Metro,0,2,0,1,9.9,9,785738.1
PROP-12255,1515,3,2.2,1,Metro Uptown,11,2,0,0,17.5,7,606407.19
PROP-12256,2937,4,3.5,1,Suburban West,3,1,0,1,11.1,5,826882.05
PROP-12257,2107,4,3.0,1,Metro Uptown,9,2,1,1,5.5,9,851774.72
PROP-12258,2661,4,3.5,2,Suburban West,29,2,0,1,9.8,7,797886.39
PROP-12259,2523,3,2.2,2,East Bay Outskirts,8,2,0,1,18.7,7,654732.08
PROP-12260,2760,3,2.2,1,Green Hills,3,2,0,1,11.3,7,971645.77
PROP-12261,2124,4,3.5,2,Downtown Metro,26,0,0,1,14.9,4,812936.97
PROP-12262,1991,3,2.8,2,Downtown Metro,9,2,1,1,7.6,7,906555.01
PROP-12263,3114,3,2.2,2,East Bay Outskirts,5,1,0,1,2.3,8,710461.95
PROP-12264,1556,2,2.0,1,East Bay Outskirts,4,1,0,0,10.4,10,438010.65
PROP-12265,2243,3,2.8,2,Suburban West,6,1,0,1,22.5,8,640211.72
PROP-12266,3380,4,3.0,2,Suburban West,4,3,1,1,22.9,8,1000821.33
PROP-12267,1824,3,2.2,3,Suburban West,7,2,0,1,7.8,8,667607.89
PROP-12268,1478,2,2.0,1,Green Hills,32,2,0,1,24.0,7,620047.26
PROP-12269,1767,2,2.0,3,Metro Uptown,37,1,0,1,17.5,8,594358.14
PROP-12270,1399,3,2.8,2,Green Hills,1,1,0,1,9.1,5,717378.29
PROP-12271,2165,4,4.0,2,Riverside Park,16,2,0,1,17.9,6,861422.27
PROP-12272,1330,3,2.2,2,Metro Uptown,9,3,0,1,23.8,6,601727.24
PROP-12273,2587,4,3.0,1,Metro Uptown,13,2,0,1,13.3,6,842834.7
PROP-12274,2538,3,2.2,2,Metro Uptown,55,1,0,1,16.2,9,767099.59
PROP-12275,3535,4,3.5,2,Downtown Metro,17,2,1,1,10.1,5,1284005.12
PROP-12276,3108,3,3.2,1,Metro Uptown,4,0,1,1,15.2,9,981232.73
PROP-12277,2638,4,3.5,1,Metro Uptown,1,0,0,1,24.0,7,830456.31
PROP-12278,2280,3,2.8,3,Green Hills,1,2,0,1,22.1,8,936075.16
PROP-12279,2750,3,2.8,2,Riverside Park,34,2,1,1,12.0,9,976058.56
PROP-12280,1944,2,1.5,2,Riverside Park,27,0,1,1,12.5,4,670899.7
PROP-12281,1640,3,2.2,1,Metro Uptown,7,1,1,1,20.2,5,620205.93
PROP-12282,2402,3,2.8,1,Downtown Metro,5,3,0,1,1.0,5,981542.9
PROP-12283,2668,4,3.5,2,Green Hills,10,1,0,1,10.0,6,1007126.88
PROP-12284,1630,2,1.5,1,Downtown Metro,4,0,0,0,4.3,5,715166.81
PROP-12285,1926,2,2.5,2,Green Hills,0,2,0,1,9.8,6,836737.96
PROP-12286,2730,4,3.5,2,Suburban West,6,0,0,1,24.9,7,765743.95
PROP-12287,1564,3,2.8,1,Downtown Metro,35,2,0,1,9.3,7,717209.39
PROP-12288,2630,4,3.5,2,Green Hills,22,1,1,1,3.2,6,1009306.63
PROP-12289,1637,2,2.0,2,Green Hills,15,1,0,1,6.9,4,711868.77
PROP-12290,2872,4,3.5,1,Suburban West,4,3,0,1,8.6,8,880730.65
PROP-12291,2689,4,3.0,1,East Bay Outskirts,27,2,1,1,11.3,7,698920.61
PROP-12292,1387,3,2.8,2,Downtown Metro,0,3,0,1,4.4,7,776956.0
PROP-12293,2098,4,3.0,1,Suburban West,8,2,0,1,11.5,5,655064.43
PROP-12294,1389,3,2.2,1,Downtown Metro,29,2,0,1,17.2,6,656624.91
PROP-12295,1992,3,2.2,1,Suburban West,4,3,0,0,2.4,4,644777.0
PROP-12296,2507,3,2.8,2,Suburban West,26,1,0,1,12.2,8,715750.39
PROP-12297,1589,3,2.2,1,East Bay Outskirts,16,1,1,1,21.1,10,489160.41
PROP-12298,1140,2,1.5,1,Riverside Park,14,0,1,1,11.7,5,541401.65
PROP-12299,1342,3,2.2,2,Suburban West,13,3,0,1,5.0,7,587496.13
PROP-12300,2699,3,2.8,2,Downtown Metro,12,0,0,0,16.0,6,954070.16
PROP-12301,1905,3,2.2,1,Suburban West,12,1,0,1,6.6,6,648746.91
PROP-12302,2395,4,4.0,1,Suburban West,21,2,0,1,9.2,7,780480.54
PROP-12303,2045,3,2.8,1,Green Hills,0,1,0,1,11.7,6,847763.47
PROP-12304,1916,2,1.5,1,Suburban West,6,1,0,0,10.1,7,584206.16
PROP-12305,2778,3,2.2,1,Riverside Park,42,1,1,1,9.2,7,910874.49
PROP-12306,2060,3,2.8,1,Metro Uptown,21,0,0,1,14.5,5,640682.81
PROP-12307,2510,4,3.0,1,Metro Uptown,3,2,0,1,9.3,8,871177.44
PROP-12308,2355,3,3.2,3,Metro Uptown,10,1,0,1,14.5,8,781767.66
PROP-12309,1531,3,2.2,1,Suburban West,14,1,0,1,12.0,8,586165.07
PROP-12310,2488,4,3.5,2,Green Hills,11,2,1,1,5.5,6,1053887.92
PROP-12311,2795,3,2.8,2,Metro Uptown,2,2,1,1,14.4,9,904130.54
PROP-12312,1962,2,2.0,2,Suburban West,21,0,0,1,9.7,7,597594.71
PROP-12313,3028,3,2.8,1,Metro Uptown,16,1,0,0,13.5,7,874012.06
PROP-12314,1623,3,2.2,1,Metro Uptown,16,2,1,1,9.7,4,698485.03
PROP-12315,3504,4,3.0,1,Suburban West,3,1,1,1,8.4,6,926496.87
PROP-12316,2019,4,3.0,2,Downtown Metro,4,0,0,1,17.6,6,812531.69
PROP-12317,1593,3,2.2,2,Metro Uptown,7,1,0,1,6.0,9,660583.92
PROP-12318,3008,3,2.2,1,Suburban West,23,1,0,1,11.5,4,731212.58
PROP-12319,1878,3,2.2,1,Suburban West,9,3,0,1,13.1,7,643006.19
PROP-12320,1506,2,1.5,1,Suburban West,15,1,0,1,4.1,10,514428.51
PROP-12321,2248,4,3.5,1,Suburban West,6,2,0,1,18.3,8,713878.35
PROP-12322,2008,4,3.0,1,Riverside Park,25,1,0,1,24.6,5,713418.24
PROP-12323,2663,4,3.5,1,Green Hills,30,2,0,1,16.9,8,968523.51
PROP-12324,1496,3,2.2,3,Suburban West,16,3,0,1,8.2,8,628061.46
PROP-12325,3351,6,5.5,2,Metro Uptown,0,0,1,0,19.7,6,1062136.41
PROP-12326,1005,1,1.2,3,Suburban West,0,1,0,1,16.2,8,470185.23
PROP-12327,1949,3,2.8,2,Metro Uptown,49,2,0,0,11.2,7,647767.38
PROP-12328,1996,3,2.2,1,Green Hills,14,2,0,1,14.4,5,837036.21
PROP-12329,3300,5,3.8,3,Downtown Metro,8,1,0,1,19.6,7,1230355.55
PROP-12330,1987,3,2.8,2,Suburban West,3,0,0,1,11.1,4,633462.6
PROP-12331,2095,4,4.0,2,Green Hills,2,2,0,0,5.9,7,940532.88
PROP-12332,3329,5,3.8,1,Suburban West,2,2,0,1,15.4,6,959437.01
PROP-12333,750,1,1.8,2,Riverside Park,0,3,0,1,6.7,6,520421.22
PROP-12334,1153,1,1.0,1,Suburban West,10,1,0,1,17.1,7,400660.06
PROP-12335,2034,3,2.2,1,Riverside Park,14,1,0,1,28.7,7,674509.12
PROP-12336,3556,4,4.0,2,East Bay Outskirts,31,1,1,1,7.9,7,808196.07
PROP-12337,2106,4,3.5,2,Downtown Metro,0,2,0,1,16.6,6,908495.89
PROP-12338,2058,4,3.0,1,Suburban West,48,0,0,1,6.9,8,635057.14
PROP-12339,2186,4,3.0,1,Riverside Park,25,2,0,1,8.3,7,843368.09
PROP-12340,2850,4,3.0,1,Riverside Park,4,2,1,1,15.9,9,1035309.35
PROP-12341,2132,4,3.5,1,Green Hills,1,2,1,1,8.6,5,945240.01
PROP-12342,1532,3,3.2,2,Metro Uptown,14,1,0,1,8.1,5,637606.05
PROP-12343,2215,3,2.8,1,Metro Uptown,31,2,0,1,4.3,7,730219.32
PROP-12344,3247,4,3.0,1,Suburban West,1,0,0,1,19.7,4,802331.71
PROP-12345,1874,2,2.0,1,Green Hills,44,0,1,1,4.4,8,753983.27
PROP-12346,1776,2,1.5,2,Downtown Metro,0,1,0,1,8.2,7,785745.66
PROP-12347,2992,3,3.2,1,Suburban West,5,3,1,1,9.1,5,852297.49
PROP-12348,3291,4,4.0,1,Downtown Metro,1,2,1,1,13.5,6,1275150.27
PROP-12349,3410,4,4.0,1,East Bay Outskirts,14,1,0,1,24.3,6,695866.92
PROP-12350,2434,3,2.2,2,East Bay Outskirts,25,1,0,0,21.5,7,523661.7
PROP-12351,2282,3,2.8,2,Green Hills,19,1,0,1,10.4,8,881397.97
PROP-12352,2554,4,3.0,1,Suburban West,27,0,0,1,4.7,10,723733.47
PROP-12353,2238,4,3.0,1,Suburban West,46,0,0,0,13.7,4,568939.21
PROP-12354,1271,3,2.2,1,Green Hills,9,2,0,1,12.3,6,682086.48
PROP-12355,1681,2,2.0,1,Green Hills,2,3,0,1,15.9,7,753921.75
PROP-12356,2276,4,3.0,2,Suburban West,8,2,0,0,10.5,7,705349.57
PROP-12357,2964,3,2.8,2,East Bay Outskirts,18,3,0,1,3.7,8,750103.55
PROP-12358,1671,3,2.2,2,Riverside Park,10,1,0,1,8.5,10,739279.73
PROP-12359,2389,3,2.8,1,East Bay Outskirts,24,2,0,1,13.2,6,581347.94
PROP-12360,2527,3,2.2,1,Riverside Park,10,0,1,0,2.7,6,901923.99
PROP-12361,2473,3,2.2,1,Suburban West,1,0,0,1,4.7,5,725081.36
PROP-12362,2296,3,2.8,2,Green Hills,13,1,0,1,6.2,7,913094.03
PROP-12363,2185,3,2.2,2,Suburban West,29,2,0,1,15.6,9,684261.06
PROP-12364,3504,6,5.0,1,Suburban West,1,2,1,1,10.9,8,1078884.1
PROP-12365,1704,3,2.2,2,Metro Uptown,2,2,0,1,16.3,6,670133.11
PROP-12366,1100,2,2.0,2,Riverside Park,11,2,0,1,6.5,7,595114.28
PROP-12367,1803,3,3.2,1,Riverside Park,6,2,0,1,19.8,5,708190.69
PROP-12368,2763,4,3.5,2,Metro Uptown,1,0,0,0,4.9,3,855634.35
PROP-12369,2058,3,2.2,2,Suburban West,16,2,1,1,1.1,6,717602.22
PROP-12370,1759,2,1.5,1,Downtown Metro,22,1,0,1,16.5,9,744560.85
PROP-12371,1682,3,2.8,3,Green Hills,3,0,0,1,17.0,6,732457.34
PROP-12372,2675,3,2.8,3,Suburban West,7,0,0,1,16.6,5,749145.04
PROP-12373,1654,3,2.2,1,Metro Uptown,3,2,0,1,5.6,8,691288.73
PROP-12374,2455,4,3.0,3,Metro Uptown,7,2,0,1,15.8,3,834899.74
PROP-12375,3124,3,3.2,2,Riverside Park,3,2,0,0,18.6,10,1061411.37
PROP-12376,2465,3,2.2,3,Green Hills,5,2,0,1,11.6,7,957814.91
PROP-12377,2571,4,3.0,2,Suburban West,7,2,0,1,13.2,7,766448.63
PROP-12378,2273,4,3.5,2,Suburban West,37,2,0,1,4.4,8,720522.46
PROP-12379,1524,3,2.2,2,East Bay Outskirts,14,0,1,1,1.0,7,515489.26
PROP-12380,1997,3,2.2,3,Suburban West,12,3,1,1,8.8,9,756354.14
PROP-12381,2331,4,3.0,2,Green Hills,5,2,0,1,18.8,9,993408.79
PROP-12382,2043,4,3.0,3,Riverside Park,17,2,0,1,17.5,10,851481.06
PROP-12383,2752,3,2.8,1,Downtown Metro,39,3,0,1,14.3,6,1003600.25
PROP-12384,2010,3,2.2,1,Suburban West,14,2,0,1,2.0,6,671011.19
PROP-12385,2005,3,2.8,2,Metro Uptown,5,3,0,1,12.9,4,665079.01
PROP-12386,1567,3,2.2,1,Riverside Park,21,1,1,1,16.4,5,665589.3
PROP-12387,2458,4,3.5,2,Green Hills,4,3,0,1,19.2,9,1022883.53
PROP-12388,1293,3,2.2,1,Green Hills,16,0,0,1,10.5,4,591066.46
PROP-12389,1486,3,3.2,1,Green Hills,17,1,0,1,9.7,7,734584.9
PROP-12390,1443,3,2.2,1,Riverside Park,5,1,0,1,14.3,9,629302.51
PROP-12391,3013,3,2.2,1,Downtown Metro,4,1,0,1,18.1,6,1062134.15
PROP-12392,1842,2,1.5,2,Metro Uptown,17,2,0,1,6.1,2,631424.4
PROP-12393,2224,3,2.8,1,Green Hills,27,3,0,1,7.0,9,893856.21
PROP-12394,3145,4,3.0,2,Green Hills,8,1,0,1,17.9,4,1039625.99
PROP-12395,2336,4,3.0,1,Downtown Metro,5,2,0,1,17.9,4,932917.44
PROP-12396,2690,4,3.0,1,East Bay Outskirts,2,1,0,1,20.5,7,670612.5
PROP-12397,2250,3,2.8,2,Green Hills,11,1,1,1,8.3,6,891360.71
PROP-12398,2530,3,2.2,2,East Bay Outskirts,3,1,0,1,10.8,8,608664.98
PROP-12399,2892,4,3.0,1,Riverside Park,20,1,1,1,19.1,8,959449.06
PROP-12400,1631,2,2.0,2,Green Hills,3,0,0,1,14.5,8,694547.63
PROP-12401,2538,3,2.2,3,Metro Uptown,55,2,0,1,16.2,5,731401.36
PROP-12402,1920,2,1.5,3,Riverside Park,10,0,1,1,20.5,7,750371.99
PROP-12403,1770,2,2.5,2,Downtown Metro,8,2,0,0,4.2,8,810949.89
PROP-12404,2589,3,3.2,1,Suburban West,2,2,0,0,9.0,4,746478.44
PROP-12405,2008,3,2.2,2,Downtown Metro,18,2,0,1,1.2,8,882351.23
PROP-12406,1379,3,2.2,2,Suburban West,18,1,0,1,6.3,7,562341.89
PROP-12407,2601,4,3.0,1,Metro Uptown,13,2,0,1,13.0,6,821532.38
PROP-12408,1896,3,2.8,3,Riverside Park,19,2,0,1,3.1,4,769676.46
PROP-12409,1550,3,2.8,1,East Bay Outskirts,2,2,0,1,7.9,4,491901.89
PROP-12410,2066,3,3.2,2,Green Hills,4,1,1,1,14.9,9,971945.35
PROP-12411,1863,2,2.0,1,Suburban West,9,2,0,1,25.7,6,576348.77
PROP-12412,962,1,1.0,2,Riverside Park,3,3,1,0,17.0,9,580914.63
PROP-12413,750,1,1.2,3,Green Hills,6,2,0,1,16.3,6,525119.04
PROP-12414,1351,3,2.8,1,Metro Uptown,5,2,0,0,21.9,8,564485.47
PROP-12415,2684,3,3.2,1,East Bay Outskirts,54,2,1,1,9.8,9,647585.92
PROP-12416,1288,3,3.2,1,Riverside Park,13,2,0,1,23.4,7,634077.39
PROP-12417,2378,4,3.0,1,Riverside Park,5,2,1,1,3.2,4,889434.12
PROP-12418,3171,3,2.2,1,Suburban West,3,0,0,1,5.8,4,789322.82
PROP-12419,2165,4,4.0,1,Suburban West,2,1,0,1,13.9,6,724752.73
PROP-12420,2251,3,2.2,3,Riverside Park,0,1,0,1,11.8,9,882633.53
PROP-12421,2191,4,3.5,1,Metro Uptown,0,0,0,1,6.2,6,758142.8
PROP-12422,2444,3,2.8,3,Downtown Metro,11,3,0,1,14.5,6,998154.41
PROP-12423,2082,4,3.0,2,East Bay Outskirts,3,1,0,1,14.9,8,574737.69
PROP-12424,1817,2,1.5,2,Green Hills,1,2,0,1,16.8,6,761743.85
PROP-12425,750,1,1.0,2,Suburban West,0,2,0,1,7.9,4,381149.45
PROP-12426,1915,3,2.2,2,Downtown Metro,5,3,0,1,8.5,10,941327.45
PROP-12427,1529,3,2.2,1,Green Hills,9,3,0,1,11.9,5,729610.15
PROP-12428,1558,3,2.2,1,Metro Uptown,18,1,0,1,3.1,7,616532.66
PROP-12429,2383,3,2.8,2,Riverside Park,23,1,0,1,6.0,7,851072.55
PROP-12430,2521,3,2.8,1,Downtown Metro,16,1,0,1,6.2,6,966804.97
PROP-12431,2481,3,2.2,1,East Bay Outskirts,2,2,1,1,7.9,2,611495.11
PROP-12432,2442,4,3.0,2,Suburban West,5,2,0,1,1.0,6,804383.32
PROP-12433,2166,3,2.2,2,Suburban West,6,2,0,1,15.4,6,701767.68
PROP-12434,1531,2,2.0,2,Suburban West,10,2,0,1,15.6,5,563371.89
PROP-12435,2641,3,2.8,1,Green Hills,4,2,0,1,14.3,8,974196.49
PROP-12436,2031,4,3.0,3,East Bay Outskirts,11,0,0,1,7.5,7,539901.39
PROP-12437,1553,3,2.2,2,Suburban West,26,1,0,1,12.3,6,540726.16
PROP-12438,1526,3,3.2,2,Riverside Park,0,1,0,1,12.9,7,681389.55
PROP-12439,3477,4,3.0,3,Suburban West,18,1,0,1,17.8,5,872856.12
PROP-12440,750,1,1.8,2,East Bay Outskirts,7,0,0,1,5.9,6,296342.98
PROP-12441,1374,3,2.2,2,Downtown Metro,22,3,0,0,10.5,7,689985.51
PROP-12442,2426,4,3.5,2,Green Hills,14,2,0,1,12.2,8,946429.29
PROP-12443,2264,3,2.8,2,Green Hills,11,1,0,1,6.7,6,852197.61
PROP-12444,2410,3,3.2,2,Suburban West,21,2,0,1,17.9,8,736095.74
PROP-12445,2916,3,2.2,2,Metro Uptown,15,1,0,0,11.6,8,864597.34
PROP-12446,2857,4,4.0,2,Riverside Park,10,1,0,1,15.7,4,983109.52
PROP-12447,2969,4,3.0,1,Suburban West,0,0,0,1,13.7,6,824773.57
PROP-12448,2235,4,3.0,1,Suburban West,0,2,0,1,12.8,6,755755.47
PROP-12449,2605,4,3.0,3,East Bay Outskirts,14,1,1,1,9.6,8,682221.82
PROP-12450,2594,3,3.2,1,Green Hills,18,3,1,1,18.9,5,1028239.38
PROP-12451,1856,2,1.5,2,Suburban West,29,0,0,1,2.9,5,547191.82
PROP-12452,3059,3,2.2,2,Downtown Metro,2,1,0,1,13.0,7,1066487.23
PROP-12453,2940,4,3.5,1,Green Hills,7,1,0,1,13.8,6,1076415.12
PROP-12454,2788,3,2.2,1,Riverside Park,9,1,0,1,20.9,6,877790.91
PROP-12455,2011,4,3.5,1,Downtown Metro,37,2,0,1,11.9,3,810369.75
PROP-12456,2013,3,2.2,2,Metro Uptown,3,0,0,1,7.0,6,687127.01
PROP-12457,1246,2,2.0,1,Green Hills,50,1,0,1,7.9,8,561629.85
PROP-12458,1716,3,3.2,3,Metro Uptown,9,3,0,1,16.0,10,753591.17
PROP-12459,832,1,1.8,2,Suburban West,4,2,0,1,21.8,6,399226.91
PROP-12460,2317,3,3.2,2,Downtown Metro,5,2,0,1,8.6,5,970084.72
PROP-12461,1618,3,2.2,2,Riverside Park,6,0,0,1,1.0,4,641433.52
PROP-12462,2781,3,2.2,2,Metro Uptown,35,1,0,0,11.2,8,784057.88
PROP-12463,3699,6,4.5,2,Suburban West,39,1,1,1,5.3,7,1082637.46
PROP-12464,2646,3,2.2,1,Suburban West,16,0,0,1,5.8,6,703670.72
PROP-12465,2734,3,2.2,3,Suburban West,2,2,1,1,20.0,6,792784.8
PROP-12466,3178,4,3.0,2,Downtown Metro,20,1,0,1,21.6,5,1106954.29
PROP-12467,1788,2,2.0,2,Downtown Metro,13,2,0,1,15.1,8,828625.74
PROP-12468,1397,2,2.5,2,Downtown Metro,0,1,0,1,9.7,7,707666.51
PROP-12469,3103,4,3.0,2,Riverside Park,12,2,0,1,13.0,7,1040293.87
PROP-12470,3357,6,4.5,2,Riverside Park,6,2,1,1,16.6,6,1157127.24
PROP-12471,2739,3,3.2,1,Suburban West,6,2,0,0,6.8,7,818956.95
PROP-12472,2242,4,3.5,3,Metro Uptown,28,2,0,1,19.0,7,796148.12
PROP-12473,3023,3,2.2,1,Green Hills,20,1,0,1,5.9,6,1024432.03
PROP-12474,3184,3,2.2,2,Downtown Metro,43,2,0,1,15.9,5,1048530.94
PROP-12475,1476,3,2.8,2,Suburban West,55,2,1,1,13.8,7,516281.99
PROP-12476,2650,3,2.8,2,Suburban West,17,2,1,1,6.4,6,852138.41
PROP-12477,2566,3,2.8,1,Metro Uptown,0,1,0,1,16.0,6,804951.22
PROP-12478,2179,4,3.5,2,Suburban West,55,2,0,1,13.8,9,686078.27
PROP-12479,3337,4,3.0,3,Suburban West,15,3,1,1,6.4,6,995045.45
PROP-12480,3341,4,3.0,1,Suburban West,13,3,1,1,20.3,9,944834.12
PROP-12481,1615,2,1.5,2,Metro Uptown,15,2,0,1,7.2,8,642414.43
PROP-12482,2160,3,2.2,1,Riverside Park,9,2,0,1,12.4,6,771990.11
PROP-12483,2834,3,2.8,2,Downtown Metro,5,1,0,1,6.9,8,1155168.23
PROP-12484,2665,4,3.5,1,Downtown Metro,0,2,0,0,8.2,6,1105533.73
PROP-12485,2377,3,3.2,1,Downtown Metro,1,2,0,1,8.6,6,976373.71
PROP-12486,3101,4,3.5,2,Riverside Park,14,1,0,1,7.2,8,1054898.9
PROP-12487,2325,3,2.2,1,Green Hills,15,0,0,1,18.8,7,874237.83
PROP-12488,2292,3,2.2,1,Suburban West,10,1,0,1,15.5,7,659026.95
PROP-12489,1557,3,2.2,3,Green Hills,45,2,1,1,11.5,5,705885.63
PROP-12490,2425,3,2.2,1,Downtown Metro,3,2,0,1,15.7,6,975133.18
PROP-12491,1744,2,2.0,3,Downtown Metro,36,1,0,0,18.9,7,693309.6
PROP-12492,1672,3,2.8,2,East Bay Outskirts,2,1,1,1,14.7,5,568838.64
PROP-12493,1495,2,2.0,2,Suburban West,16,1,0,1,15.6,8,516401.41
PROP-12494,1822,3,2.8,1,Green Hills,12,1,0,1,9.1,10,819452.83
PROP-12495,2084,3,2.8,2,Suburban West,11,2,0,1,18.2,5,673824.97
PROP-12496,750,1,1.0,3,Suburban West,18,2,0,0,5.3,5,403145.33
PROP-12497,3058,4,3.5,2,Green Hills,3,2,0,1,2.1,4,1129650.97
PROP-12498,1950,3,3.2,2,Green Hills,19,2,0,1,14.1,8,861793.98
PROP-12499,1511,3,2.2,3,Downtown Metro,55,2,0,1,2.6,7,686833.63
PROP-12500,3063,3,2.8,1,Green Hills,2,2,1,1,6.1,6,1094528.27
PROP-12501,1907,2,2.0,1,East Bay Outskirts,1,2,0,1,9.2,2,553067.22
PROP-12502,1499,3,2.8,2,Downtown Metro,0,1,0,1,24.1,9,752835.22
PROP-12503,1908,2,2.0,1,Riverside Park,9,1,1,1,18.6,8,720565.03
PROP-12504,2041,4,3.0,2,Green Hills,34,2,1,1,15.7,7,892308.98
PROP-12505,1460,3,2.2,2,Metro Uptown,7,1,1,1,16.3,7,648682.85
PROP-12506,1633,3,3.2,2,Riverside Park,39,2,0,1,14.3,10,694408.97
PROP-12507,3087,4,3.5,1,Green Hills,15,3,0,1,17.6,7,1108796.91
PROP-12508,3130,3,2.2,2,Suburban West,5,1,0,1,11.4,8,827418.9
PROP-12509,1786,3,2.8,2,Green Hills,25,1,0,1,11.4,7,768402.93
PROP-12510,2120,3,2.8,2,Downtown Metro,14,2,0,1,5.7,5,926121.98
PROP-12511,2002,3,2.2,2,Suburban West,0,2,0,0,13.8,8,697504.93
PROP-12512,3996,5,3.8,1,Metro Uptown,3,1,0,1,23.2,7,1082711.4
PROP-12513,2495,3,2.2,1,Metro Uptown,6,3,0,1,1.0,10,888813.75
PROP-12514,2705,3,2.2,1,Green Hills,2,0,0,1,14.5,8,963426.62
PROP-12515,2280,3,2.2,1,Riverside Park,39,2,0,1,6.6,9,767939.12
PROP-12516,2579,3,2.8,1,Suburban West,18,2,0,1,5.7,5,737833.83
PROP-12517,1547,2,2.0,2,Green Hills,9,1,0,1,21.0,7,689075.9
PROP-12518,2224,3,2.8,2,Suburban West,13,3,0,1,14.7,7,734225.03
PROP-12519,3050,4,3.0,2,Suburban West,22,2,0,0,15.6,9,835675.15
PROP-12520,2439,4,3.5,2,East Bay Outskirts,0,2,0,1,3.8,6,721672.85
PROP-12521,2437,4,4.0,2,East Bay Outskirts,12,2,0,1,21.2,10,685757.29
PROP-12522,2222,3,2.2,1,Green Hills,32,1,0,1,17.2,8,872705.32
PROP-12523,2284,4,3.0,1,Green Hills,1,2,0,1,1.7,5,960722.88
PROP-12524,2441,3,2.2,3,Suburban West,5,2,0,1,11.3,8,767057.17
PROP-12525,3081,3,2.8,1,Suburban West,7,2,1,1,22.0,5,853384.08
PROP-12526,2992,3,2.2,3,Green Hills,2,2,0,1,16.7,7,1069655.54
PROP-12527,1336,2,2.5,1,Green Hills,18,2,1,1,2.8,5,730901.41
PROP-12528,2633,3,2.2,2,Riverside Park,22,2,0,1,10.8,6,836821.66
PROP-12529,3418,4,4.0,1,Suburban West,14,2,0,1,7.6,5,913738.0
PROP-12530,1356,3,2.2,1,Suburban West,2,2,0,1,10.0,7,549615.69
PROP-12531,3035,4,4.0,1,Suburban West,0,1,0,1,10.0,7,837236.86
PROP-12532,1725,2,2.0,3,Green Hills,12,2,0,1,9.8,5,760630.71
PROP-12533,1757,3,2.2,2,Suburban West,37,3,0,1,10.4,7,581609.04
PROP-12534,2879,4,3.0,2,Metro Uptown,0,1,0,1,13.2,9,909957.02
PROP-12535,2657,3,2.8,2,Riverside Park,13,0,0,1,17.7,6,820571.18
PROP-12536,1917,3,3.2,1,Green Hills,5,2,0,1,10.0,6,788100.66
PROP-12537,2372,3,2.2,3,Suburban West,24,0,1,1,21.2,6,680343.91
PROP-12538,2582,3,2.8,1,Riverside Park,4,1,0,1,7.4,9,957209.87
PROP-12539,1480,3,2.2,2,Green Hills,6,3,0,0,11.1,8,756287.86
PROP-12540,2206,4,3.0,1,Suburban West,25,3,0,1,7.4,7,705228.76
PROP-12541,2800,4,3.0,1,Riverside Park,6,2,0,1,16.5,10,986195.83
PROP-12542,1883,2,1.5,2,Green Hills,7,3,0,1,22.0,5,759524.86
PROP-12543,3053,3,2.2,1,Suburban West,5,2,1,1,14.7,6,873621.42
PROP-12544,1562,3,2.2,2,Downtown Metro,55,1,0,1,7.3,8,663506.59
PROP-12545,1662,3,2.2,1,Green Hills,7,0,0,1,1.0,7,762603.49
PROP-12546,2149,4,3.5,2,Metro Uptown,0,3,0,1,4.1,7,869251.1
PROP-12547,2632,3,2.2,1,Metro Uptown,55,1,0,0,12.0,8,720610.99
PROP-12548,2602,3,2.8,1,Suburban West,55,0,0,1,13.8,6,607509.87
PROP-12549,2270,4,3.5,2,Green Hills,0,1,0,1,7.4,6,964063.19
PROP-12550,3427,5,4.2,1,Suburban West,43,0,0,1,15.7,6,851172.09
PROP-12551,1590,3,2.2,2,Green Hills,1,2,0,1,13.4,7,738970.33
PROP-12552,3184,3,2.2,3,Riverside Park,12,3,0,0,22.5,7,993961.65
PROP-12553,2348,4,3.5,1,Suburban West,4,3,1,1,6.8,6,832392.74
PROP-12554,2316,3,2.8,2,Green Hills,1,2,0,1,19.1,5,916096.73
PROP-12555,1919,2,1.5,1,Green Hills,7,2,0,1,18.4,7,786317.03
PROP-12556,2180,4,3.0,2,Green Hills,17,1,1,1,1.0,7,944585.78
PROP-12557,3943,5,3.8,2,Suburban West,48,2,0,1,9.3,5,1012179.24
PROP-12558,1469,3,2.8,2,Riverside Park,2,2,0,1,12.8,8,701342.17
PROP-12559,2023,4,3.0,1,Downtown Metro,4,2,1,1,11.6,5,927703.34
PROP-12560,1977,3,2.2,2,Green Hills,55,1,0,1,6.3,6,722405.63
PROP-12561,2314,3,2.2,1,Green Hills,5,2,1,1,16.3,4,882651.37
PROP-12562,1681,3,3.2,1,Downtown Metro,8,0,0,1,10.1,6,798357.33
PROP-12563,2422,4,3.5,1,Metro Uptown,5,0,0,1,1.0,7,813700.13
PROP-12564,1370,3,2.8,1,Metro Uptown,7,2,0,1,8.5,9,651835.51
PROP-12565,3026,3,2.2,3,Green Hills,0,1,0,1,9.6,5,1064997.75
PROP-12566,2436,4,3.5,2,Downtown Metro,4,2,0,1,1.0,5,1053567.86
PROP-12567,2206,3,3.2,1,Suburban West,14,3,0,1,1.0,6,796728.32
PROP-12568,2908,3,3.2,1,Metro Uptown,19,1,0,1,14.2,7,835030.81
PROP-12569,3261,4,3.5,2,Green Hills,5,3,0,1,15.0,7,1155250.61
PROP-12570,3500,4,3.5,3,Green Hills,55,3,1,1,20.5,6,1147490.16
PROP-12571,1858,3,2.8,1,Suburban West,9,1,1,1,15.9,4,630981.88
PROP-12572,1613,2,1.5,2,Suburban West,7,3,0,0,8.6,7,592760.19
PROP-12573,2211,4,3.0,2,Green Hills,2,1,0,1,25.0,8,938922.28
PROP-12574,2990,3,2.2,1,Riverside Park,8,2,0,1,16.2,8,937135.96
PROP-12575,2040,4,3.5,3,Green Hills,8,1,0,1,15.3,8,900338.04
PROP-12576,2776,3,2.2,2,Downtown Metro,34,2,0,1,13.3,5,993208.05
PROP-12577,2655,4,3.0,1,Downtown Metro,26,2,1,1,17.3,7,1068384.17
PROP-12578,3464,4,3.5,1,Green Hills,22,0,0,1,18.3,7,1094267.96
PROP-12579,1619,2,1.5,2,Downtown Metro,22,1,0,1,16.0,7,668291.34
PROP-12580,2089,4,3.0,1,Suburban West,17,0,0,0,12.8,8,646121.15
PROP-12581,1026,1,1.0,2,Suburban West,1,3,0,1,19.2,6,461305.25
PROP-12582,1238,2,2.0,1,Riverside Park,4,3,0,1,6.4,8,638453.5
PROP-12583,1860,3,2.2,1,Green Hills,6,1,0,1,3.6,7,860198.91
PROP-12584,1636,2,2.0,2,Green Hills,2,2,1,0,9.3,9,799713.73
PROP-12585,1462,3,2.2,2,Downtown Metro,0,2,0,1,10.4,6,718375.81
PROP-12586,1594,3,2.2,2,Green Hills,11,2,0,1,16.3,8,770915.79
PROP-12587,1634,3,2.2,2,Suburban West,15,2,0,1,12.8,7,590482.99
PROP-12588,3132,3,2.2,2,Suburban West,10,1,0,0,9.5,8,826968.77
PROP-12589,1410,2,2.0,3,Green Hills,17,3,0,1,10.3,6,704841.01
PROP-12590,1151,2,1.5,2,Riverside Park,5,2,0,1,6.3,5,595146.47
PROP-12591,2497,3,2.2,2,Green Hills,32,0,0,1,3.0,6,882975.11
PROP-12592,2223,4,3.0,1,Green Hills,6,2,0,1,8.4,8,947201.29
PROP-12593,2754,4,3.5,1,Riverside Park,0,2,1,1,9.2,7,1053931.75
PROP-12594,2951,4,4.0,1,Green Hills,0,3,0,1,18.4,6,1120247.83
PROP-12595,2886,3,2.8,2,Metro Uptown,10,2,1,1,8.8,7,957247.94
PROP-12596,2042,3,2.2,3,Suburban West,6,3,0,1,9.5,4,691178.64
PROP-12597,1075,1,1.0,1,Suburban West,14,1,0,1,9.5,6,358423.11
PROP-12598,3169,3,2.2,1,Downtown Metro,25,2,1,1,8.2,8,1106091.78
PROP-12599,1549,2,2.0,2,Suburban West,10,3,0,1,6.1,5,548601.23
PROP-12600,2271,4,3.5,1,Riverside Park,21,2,0,1,14.6,8,868509.34
PROP-12601,2514,3,2.8,1,Green Hills,1,2,1,0,15.6,7,1010381.8
PROP-12602,2546,3,2.2,1,Metro Uptown,20,1,0,1,15.2,8,786474.97
PROP-12603,1091,1,1.0,1,Downtown Metro,1,2,0,0,8.1,8,603803.39
PROP-12604,2494,4,3.5,1,Metro Uptown,0,2,0,1,12.4,5,841502.52
PROP-12605,1710,3,2.8,1,Riverside Park,10,3,0,1,16.3,7,752042.32
PROP-12606,2603,3,2.2,1,Green Hills,10,2,1,1,13.9,8,1002085.27
PROP-12607,2927,3,2.2,2,Green Hills,6,1,1,1,17.1,6,1049919.98
PROP-12608,2542,3,2.2,2,East Bay Outskirts,23,2,0,1,15.8,7,611421.52
PROP-12609,2286,4,3.5,1,Green Hills,14,2,1,1,20.4,7,948722.32
PROP-12610,1377,3,2.8,1,Downtown Metro,55,1,0,1,18.9,5,626631.26
PROP-12611,2073,3,2.2,1,Downtown Metro,1,1,0,1,16.1,10,852370.34
PROP-12612,3098,3,2.8,1,Suburban West,5,2,0,1,5.4,6,833995.05
PROP-12613,2316,4,3.0,1,East Bay Outskirts,4,2,0,1,18.5,6,586899.24
PROP-12614,1688,3,2.8,1,Downtown Metro,1,2,0,1,15.6,5,804458.76
PROP-12615,2114,4,3.0,2,Suburban West,15,3,0,1,17.2,8,721839.3
PROP-12616,1888,3,2.8,1,Green Hills,36,1,0,1,8.3,6,754651.34
PROP-12617,1524,2,2.0,2,Metro Uptown,17,2,0,1,17.3,6,617416.67
PROP-12618,1168,1,1.2,2,Metro Uptown,7,2,0,1,10.6,4,480127.62
PROP-12619,1262,2,1.5,1,Green Hills,55,0,0,1,12.5,9,534252.61
PROP-12620,1864,2,1.5,1,Green Hills,7,2,0,0,7.6,2,710254.75
PROP-12621,2170,3,3.2,1,Downtown Metro,0,2,1,1,5.8,4,955197.61
PROP-12622,1079,1,1.2,2,Suburban West,27,1,0,1,15.8,8,378231.07
PROP-12623,2851,4,3.0,2,Metro Uptown,10,2,0,1,8.8,6,932815.48
PROP-12624,2163,3,2.2,2,Downtown Metro,1,2,0,1,12.6,7,908059.27
PROP-12625,1258,2,1.5,2,Riverside Park,15,0,0,1,12.2,4,513300.21
PROP-12626,2667,3,2.2,2,Metro Uptown,8,2,0,1,11.1,8,862767.74
PROP-12627,1331,3,2.8,1,Downtown Metro,3,2,0,1,23.2,2,622379.17
PROP-12628,3138,4,3.0,1,Riverside Park,1,1,0,1,16.3,6,1034482.94
PROP-12629,1903,3,2.2,1,Green Hills,0,2,0,0,16.0,6,778603.21
PROP-12630,2314,3,2.2,1,Riverside Park,4,0,0,1,11.4,8,819598.77
PROP-12631,1110,2,2.5,2,Downtown Metro,0,1,0,0,11.0,6,604134.97
PROP-12632,1083,2,1.5,1,Green Hills,14,2,0,1,2.6,5,567351.05
PROP-12633,2566,3,2.2,3,Suburban West,5,2,0,1,1.2,8,786642.49
PROP-12634,750,2,1.5,2,Riverside Park,9,2,0,1,28.7,9,489151.07
PROP-12635,1439,3,3.2,1,Riverside Park,12,0,0,1,10.9,8,688692.25
PROP-12636,2156,3,2.8,2,Metro Uptown,17,2,0,1,19.2,7,763281.12
PROP-12637,3485,4,3.5,1,Green Hills,5,2,0,1,14.0,7,1211303.54
PROP-12638,1727,3,2.2,2,Suburban West,7,2,0,1,5.7,9,645701.76
PROP-12639,1909,2,2.0,2,Riverside Park,38,2,1,1,8.5,6,755336.8
PROP-12640,3358,4,3.5,3,Green Hills,12,2,1,0,16.5,6,1223857.93
PROP-12641,3021,4,3.0,1,Metro Uptown,37,1,0,1,4.0,7,870872.47
PROP-12642,2409,3,3.2,1,Green Hills,12,3,0,1,20.3,5,910334.8
PROP-12643,3067,4,3.5,2,Green Hills,21,2,0,1,8.3,8,1087459.41
PROP-12644,2705,3,2.8,2,East Bay Outskirts,14,3,0,1,13.5,7,640155.53
PROP-12645,2265,4,3.0,1,Metro Uptown,6,1,0,1,8.3,7,773060.26
PROP-12646,2351,4,4.0,3,Riverside Park,7,3,0,1,23.7,7,906705.73
PROP-12647,2152,4,4.0,2,Downtown Metro,16,1,0,1,1.2,6,967768.08
PROP-12648,3043,4,3.0,2,Suburban West,18,3,0,1,10.8,8,836652.91
PROP-12649,2312,4,3.0,2,Suburban West,0,2,1,1,15.8,9,815496.7
PROP-12650,2589,3,3.2,1,East Bay Outskirts,2,2,0,1,8.7,9,686901.32
PROP-12651,2414,4,3.5,1,Green Hills,6,1,0,1,15.1,9,944383.85
PROP-12652,2187,3,2.8,2,Suburban West,10,1,0,1,8.3,5,677739.23
PROP-12653,1812,2,1.5,1,Riverside Park,2,1,0,1,10.8,6,695226.91
PROP-12654,2943,4,3.0,1,Downtown Metro,19,2,0,1,15.6,6,1077210.46
PROP-12655,2482,4,3.5,1,Suburban West,0,1,0,1,8.3,8,739578.18
PROP-12656,2422,3,2.8,2,Suburban West,1,2,0,0,6.0,6,762636.22
PROP-12657,2223,3,2.2,1,Suburban West,12,2,0,1,16.5,7,627455.72
PROP-12658,751,1,1.8,2,Suburban West,11,2,0,1,27.6,10,409239.51
PROP-12659,1961,3,2.2,2,Riverside Park,1,0,0,1,18.3,7,728831.25
PROP-12660,1847,2,1.5,3,Green Hills,5,2,0,1,4.3,8,815083.15
PROP-12661,2156,3,2.2,1,Green Hills,22,0,0,1,10.9,7,806273.88
PROP-12662,2751,3,2.2,2,Suburban West,7,2,1,1,12.5,7,774655.35
PROP-12663,2079,3,2.2,3,Metro Uptown,19,1,1,1,7.2,6,771663.87
PROP-12664,2317,3,2.2,3,Green Hills,34,2,1,1,2.8,7,983186.31
PROP-12665,1446,2,1.5,3,Metro Uptown,16,3,0,1,13.6,5,606717.18
PROP-12666,2455,4,3.0,2,Suburban West,3,2,0,1,19.9,6,736572.41
PROP-12667,3346,5,4.8,3,Riverside Park,6,1,0,0,25.1,5,1064013.42
PROP-12668,1270,2,2.5,2,Green Hills,29,1,0,1,21.8,5,572043.84
PROP-12669,2561,4,4.0,2,Metro Uptown,2,1,0,1,21.9,7,877594.86
PROP-12670,2149,3,2.8,1,Riverside Park,55,2,0,1,11.2,6,740603.58
PROP-12671,2319,3,2.8,2,Suburban West,14,1,1,1,7.7,7,748052.21
PROP-12672,3492,4,3.0,2,Green Hills,4,2,0,1,14.3,8,1214209.74
PROP-12673,2850,3,3.2,2,Green Hills,5,2,0,1,18.0,7,1056267.55
PROP-12674,1839,3,2.8,2,Riverside Park,1,1,0,1,4.2,7,814182.06
PROP-12675,1458,3,2.2,2,Downtown Metro,16,3,1,1,7.3,8,816619.64
PROP-12676,750,1,1.2,2,Riverside Park,30,2,0,1,4.2,6,437789.16
PROP-12677,1892,2,1.5,2,Riverside Park,7,2,0,1,5.3,5,699739.5
PROP-12678,1240,3,3.2,3,Green Hills,14,0,0,0,1.0,5,698062.08
PROP-12679,2068,3,2.8,1,Metro Uptown,39,2,0,1,16.3,6,666752.77
PROP-12680,2659,4,3.0,2,Suburban West,6,3,0,1,23.6,3,798358.48
PROP-12681,1313,3,2.8,2,Metro Uptown,8,3,0,1,12.3,6,630400.94
PROP-12682,2554,4,3.0,1,Downtown Metro,2,1,0,0,11.7,8,1046406.04
PROP-12683,2620,3,2.2,3,Green Hills,16,1,0,1,16.7,6,984398.96
PROP-12684,2625,3,2.2,1,Suburban West,8,1,0,1,21.2,8,737755.05
PROP-12685,2372,3,3.2,2,Downtown Metro,13,0,0,1,13.1,8,950211.51
PROP-12686,1706,2,2.5,1,Suburban West,7,1,1,1,9.9,6,602331.35
PROP-12687,1603,2,2.0,1,Suburban West,9,0,0,1,15.7,5,519619.61
PROP-12688,2583,4,3.5,1,Green Hills,29,2,0,1,17.8,8,945367.58
PROP-12689,1325,2,2.5,2,East Bay Outskirts,6,1,0,1,21.6,8,462422.27
PROP-12690,2449,3,2.8,2,Green Hills,26,2,1,1,16.2,8,968746.28
PROP-12691,3569,6,4.5,1,Green Hills,4,1,0,1,6.7,7,1288708.11
PROP-12692,2384,3,2.2,2,Green Hills,20,2,0,1,18.2,8,884173.66
PROP-12693,1577,2,1.5,1,Suburban West,14,2,0,1,8.4,7,516729.72
PROP-12694,2378,3,2.8,1,Downtown Metro,2,3,0,1,7.5,7,938200.87
PROP-12695,2850,3,3.2,2,Riverside Park,7,1,1,1,15.0,9,1019056.34
PROP-12696,1825,3,2.2,1,Suburban West,21,1,0,1,7.1,5,586701.35
PROP-12697,1280,2,1.5,2,Metro Uptown,10,2,1,0,19.8,7,564037.78
PROP-12698,1825,2,2.5,2,Suburban West,13,1,0,0,10.1,9,643477.87
PROP-12699,1580,3,2.2,1,Suburban West,12,3,1,0,8.0,7,610013.84
PROP-12700,1446,2,1.5,2,Metro Uptown,0,2,0,0,16.2,7,604046.09
PROP-12701,1487,3,2.8,3,Metro Uptown,3,2,1,1,10.6,7,697706.21
PROP-12702,2119,3,2.8,1,Downtown Metro,19,0,0,0,11.7,6,787696.11
PROP-12703,2357,4,3.0,1,Suburban West,1,2,0,1,16.2,10,797957.55
PROP-12704,1863,3,2.2,1,Green Hills,5,2,0,1,13.2,5,798888.02
PROP-12705,2485,3,2.2,3,Riverside Park,22,0,0,1,14.9,9,835063.48
PROP-12706,2350,4,3.5,1,Suburban West,3,3,0,1,17.1,6,761759.51
PROP-12707,3777,5,4.8,3,East Bay Outskirts,42,0,0,1,12.4,8,801633.98
PROP-12708,1901,2,1.5,1,Suburban West,9,3,0,1,14.3,6,579475.34
PROP-12709,1125,2,1.5,2,Suburban West,14,1,1,1,16.4,7,537667.74
PROP-12710,1521,2,1.5,1,Metro Uptown,55,1,1,1,21.6,8,523156.99
PROP-12711,2667,4,3.5,2,Downtown Metro,15,1,0,1,13.5,4,1018183.24
PROP-12712,1465,3,2.8,2,Suburban West,5,1,0,1,16.4,5,530188.36
PROP-12713,2458,4,4.0,2,Green Hills,11,1,0,1,12.4,6,1001667.85
PROP-12714,2449,3,2.2,3,Downtown Metro,16,0,0,1,9.7,9,966365.67
PROP-12715,1861,3,2.8,3,Green Hills,8,2,0,1,13.7,7,821106.4
PROP-12716,2811,4,3.5,2,Metro Uptown,11,3,0,1,23.0,4,845760.33
PROP-12717,2256,4,3.5,2,Metro Uptown,8,1,1,1,6.8,6,819989.78
PROP-12718,1999,2,1.5,1,Riverside Park,3,2,0,1,12.0,7,756896.23
PROP-12719,1610,2,2.0,2,East Bay Outskirts,4,2,0,0,2.9,9,523681.22
PROP-12720,2030,4,3.5,2,Green Hills,23,0,0,1,15.8,7,804340.28
PROP-12721,2080,3,2.8,1,East Bay Outskirts,4,2,1,1,1.2,6,666114.31
PROP-12722,1584,2,1.5,1,Riverside Park,5,2,0,1,11.1,8,672742.97
PROP-12723,2905,4,3.0,1,Downtown Metro,2,1,0,1,19.8,5,1052543.06
PROP-12724,1888,2,2.5,1,Green Hills,13,3,0,0,17.0,7,779029.12
PROP-12725,2093,3,2.8,1,Riverside Park,4,2,0,0,20.0,7,732783.31
PROP-12726,2598,4,3.5,1,Riverside Park,7,2,0,1,19.3,8,879933.3
PROP-12727,2000,4,3.0,2,Suburban West,0,1,1,1,23.3,7,672729.5
PROP-12728,860,1,1.2,2,Downtown Metro,8,2,0,1,14.3,6,497353.28
PROP-12729,2457,3,2.2,2,Green Hills,20,1,0,0,9.6,4,891516.74
PROP-12730,3426,5,3.8,1,Suburban West,14,3,0,1,5.9,6,959100.02
PROP-12731,1072,1,1.8,1,Suburban West,2,1,1,1,8.1,6,477585.45
PROP-12732,1219,3,2.2,1,Riverside Park,5,2,0,1,13.6,5,587913.37
PROP-12733,2762,3,2.8,2,Suburban West,1,2,0,1,16.0,7,819154.82
PROP-12734,1881,3,2.2,1,Downtown Metro,17,2,0,1,16.6,8,766043.5
PROP-12735,2375,3,2.2,1,Riverside Park,6,2,0,1,23.2,6,837756.3
PROP-12736,2835,4,3.0,1,Downtown Metro,37,1,0,0,18.0,6,993990.03
PROP-12737,2558,3,2.2,1,Riverside Park,31,2,0,1,12.8,3,801826.3
PROP-12738,2875,4,3.5,1,Green Hills,13,1,0,1,15.4,7,1009851.15
PROP-12739,1264,2,2.0,2,Green Hills,17,2,0,1,15.6,8,645234.25
PROP-12740,1528,3,2.2,3,Suburban West,4,1,0,0,7.2,8,629142.98
PROP-12741,2574,3,2.8,2,Metro Uptown,6,0,0,0,11.0,10,825097.84
PROP-12742,1369,3,3.2,3,Riverside Park,43,3,1,1,4.8,8,706791.79
PROP-12743,2649,3,2.8,2,Suburban West,53,1,1,1,7.5,5,666100.01
PROP-12744,2064,3,2.8,1,Suburban West,55,2,0,1,13.8,6,586793.91
PROP-12745,2248,3,2.8,1,Suburban West,2,2,0,1,12.7,4,691314.94
PROP-12746,2369,4,3.0,1,Suburban West,14,2,0,1,13.0,5,723300.58
PROP-12747,1930,2,1.5,3,Green Hills,0,2,1,1,3.3,8,931036.16
PROP-12748,2507,3,2.8,1,Green Hills,16,0,0,1,16.9,5,879595.06
PROP-12749,2478,3,2.2,2,Riverside Park,55,2,0,1,14.7,6,763801.28
PROP-12750,2117,4,3.0,1,Riverside Park,0,0,1,1,13.5,10,920510.48
PROP-12751,2965,3,2.8,3,Riverside Park,9,1,1,1,8.1,7,1029075.66
PROP-12752,1531,3,3.2,3,Green Hills,0,1,1,1,17.1,7,810070.71
PROP-12753,1697,3,2.2,2,Suburban West,35,1,1,1,1.0,5,572372.06
PROP-12754,2268,3,3.2,2,Green Hills,2,2,1,1,11.6,8,958751.06
PROP-12755,1339,3,3.2,2,Suburban West,4,0,0,1,6.8,6,552077.65
PROP-12756,2470,4,3.5,1,Suburban West,10,2,0,1,14.3,8,779043.32
PROP-12757,2967,3,2.8,3,Suburban West,6,1,0,1,16.1,5,807833.2
PROP-12758,1168,1,1.0,1,Suburban West,10,1,1,1,23.4,6,430418.12
PROP-12759,1241,2,1.5,3,Downtown Metro,17,2,0,0,15.2,6,573504.0
PROP-12760,1528,3,3.2,1,Green Hills,12,2,1,1,19.1,8,766929.94
PROP-12761,2312,4,3.0,2,Suburban West,17,2,0,1,16.6,5,699884.94
PROP-12762,1790,3,2.2,1,East Bay Outskirts,17,1,1,1,21.7,8,503853.51
PROP-12763,2640,4,3.0,1,Downtown Metro,3,2,0,0,13.0,9,1044672.97
PROP-12764,2713,3,2.2,2,Suburban West,10,2,0,1,8.6,4,755437.12
PROP-12765,1547,3,2.8,1,East Bay Outskirts,10,1,0,1,15.4,8,446767.31
PROP-12766,2728,4,3.5,2,Green Hills,11,2,1,1,13.9,8,1093769.35
PROP-12767,3361,4,3.5,1,Green Hills,3,3,0,1,1.2,9,1219731.92
PROP-12768,1885,2,1.5,1,Suburban West,7,1,0,1,16.5,7,570759.04
PROP-12769,2166,4,3.5,2,Metro Uptown,14,0,0,1,4.1,8,794473.01
PROP-12770,2218,4,3.0,1,Riverside Park,10,1,0,1,6.5,7,863389.5
PROP-12771,2582,3,2.2,1,Riverside Park,37,2,0,1,24.4,8,799119.43
PROP-12772,1532,3,2.2,2,Suburban West,23,1,0,1,17.9,10,598005.71
PROP-12773,1863,3,2.8,2,Riverside Park,5,0,0,1,15.9,3,671615.0
PROP-12774,2247,4,3.5,1,Downtown Metro,6,2,0,1,10.2,8,976196.63
PROP-12775,2819,3,2.2,3,Green Hills,3,2,1,1,23.0,5,1022737.62
PROP-12776,2372,4,3.5,3,Green Hills,2,1,0,1,7.5,7,958910.35
PROP-12777,2435,3,2.2,3,Metro Uptown,15,3,0,1,15.0,3,792598.38
PROP-12778,1203,3,2.2,2,Green Hills,1,1,0,1,20.8,7,623957.4
PROP-12779,2666,4,3.5,2,Green Hills,9,2,0,1,3.9,5,1071077.44
PROP-12780,1582,3,2.2,2,Riverside Park,1,1,0,1,5.5,8,725818.45
PROP-12781,1401,3,2.2,1,Suburban West,26,1,0,1,9.8,4,494419.31
PROP-12782,2191,3,3.2,2,Suburban West,20,2,0,1,1.0,10,751780.21
PROP-12783,1541,3,2.2,1,Suburban West,18,2,0,1,9.9,6,523644.96
PROP-12784,1549,3,2.2,1,Green Hills,55,2,0,1,10.3,8,680527.31
PROP-12785,1400,3,2.8,2,Downtown Metro,13,0,0,0,23.3,5,624253.93
PROP-12786,2458,3,2.2,2,Metro Uptown,15,2,0,1,21.8,7,814648.36
PROP-12787,2299,3,2.2,1,Green Hills,3,0,0,1,31.6,5,789772.74
PROP-12788,1782,2,2.0,2,Riverside Park,5,2,0,1,18.5,6,712254.58
PROP-12789,3156,3,2.8,2,Suburban West,9,0,0,1,11.2,6,836698.44
PROP-12790,1836,2,2.0,3,Suburban West,25,1,0,0,4.0,6,562536.43
PROP-12791,2145,4,3.0,1,Green Hills,6,1,1,1,24.7,6,898987.21
PROP-12792,1120,2,1.5,1,Green Hills,26,2,0,1,9.6,6,567713.14
PROP-12793,2154,4,3.0,1,Suburban West,2,2,0,1,22.0,7,715595.72
PROP-12794,3163,3,2.8,1,Green Hills,3,3,1,1,15.4,7,1134992.43
PROP-12795,1878,3,2.2,2,Green Hills,0,3,1,1,5.8,4,872928.94
PROP-12796,826,1,1.0,3,Riverside Park,4,2,1,1,10.3,4,514031.06
PROP-12797,2856,3,2.8,2,Suburban West,55,2,0,1,4.6,8,790641.61
PROP-12798,2244,4,3.0,1,Riverside Park,18,1,0,1,8.1,5,832036.46
PROP-12799,2296,4,3.0,1,Green Hills,6,1,1,1,18.3,7,923498.35
PROP-12800,2223,3,3.2,1,Metro Uptown,29,2,1,1,24.0,6,750326.34
